review_id,store_id,customer_id,rating,text,timestamp
r1,s11,c69,3,Average experience.,2025-07-07T21:35:21.192802
r2,s11,c255,2,Terrible service.,2025-06-10T21:35:21.192802
r3,s12,c355,4,Great service.,2025-09-25T21:35:21.192802
r4,s2,c355,2,Quality is poor.,2025-09-25T21:35:21.192802
r5,s10,c220,3,Decent but pricey.,2025-10-28T21:35:21.192802
r6,s1,c449,5,Amazing quality.,2025-09-29T21:35:21.192802
r7,s18,c369,3,It was okay.,2025-10-03T21:35:21.192802
r8,s18,c370,5,Amazing quality.,2025-11-08T21:35:21.192802
r9,s6,c370,1,Terrible service.,2025-11-08T21:35:21.192802
r10,s11,c217,3,Average experience.,2025-08-22T21:35:21.192802
r11,s5,c260,4,Great service.,2025-09-27T21:35:21.192802
r12,s14,c260,3,Average experience.,2025-09-27T21:35:21.192802
r13,s1,c499,1,Too expensive.,2025-08-01T21:35:21.192802
r14,s2,c492,2,Never coming back.,2025-10-22T21:35:21.192802
r15,s14,c294,2,Disappointed.,2025-11-25T21:35:21.192802
r16,s14,c189,3,Decent but pricey.,2025-08-28T21:35:21.192802
r17,s9,c374,3,It was okay.,2025-08-05T21:35:21.192802
r18,s1,c374,5,Amazing quality.,2025-08-05T21:35:21.192802
r19,s11,c374,5,Will come again.,2025-08-05T21:35:21.192802
r20,s14,c343,3,It was okay.,2025-07-24T21:35:21.192802
r21,s16,c152,4,Loved it!,2025-11-03T21:35:21.192802
r22,s2,c398,1,Quality is poor.,2025-07-16T21:35:21.192802
r23,s9,c454,1,Quality is poor.,2025-08-25T21:35:21.192802
r24,s5,c454,1,Terrible service.,2025-08-25T21:35:21.192802
r25,s5,c330,2,Terrible service.,2025-07-29T21:35:21.192802
r26,s5,c453,3,Average experience.,2025-08-29T21:35:21.192802
r27,s15,c208,4,Will come again.,2025-07-11T21:35:21.192802
r28,s9,c382,2,Quality is poor.,2025-10-23T21:35:21.192802
r29,s13,c463,2,Never coming back.,2025-06-15T21:35:21.192802
r30,s17,c166,3,It was okay.,2025-11-20T21:35:21.192802
r31,s9,c345,3,Average experience.,2025-06-03T21:35:21.192802
r32,s13,c169,2,Disappointed.,2025-06-24T21:35:21.192802
r33,s10,c169,1,Never coming back.,2025-06-24T21:35:21.192802
r34,s10,c447,1,Never coming back.,2025-07-15T21:35:21.192802
r35,s15,c447,4,Amazing quality.,2025-07-15T21:35:21.192802
r36,s11,c109,1,Disappointed.,2025-09-23T21:35:21.192802
r37,s16,c253,3,It was okay.,2025-07-22T21:35:21.192802
r38,s7,c253,1,Disappointed.,2025-07-22T21:35:21.192802
r39,s15,c227,3,Not bad.,2025-08-06T21:35:21.192802
r40,s5,c77,5,Will come again.,2025-08-25T21:35:21.192802
r41,s9,c367,1,Too expensive.,2025-07-16T21:35:21.192802
r42,s19,c210,3,Decent but pricey.,2025-06-11T21:35:21.192802
r43,s8,c213,3,Average experience.,2025-10-31T21:35:21.192802
r44,s20,c320,3,Decent but pricey.,2025-11-05T21:35:21.192802
r45,s17,c320,5,Best purchase ever!,2025-11-05T21:35:21.192802
r46,s11,c298,2,Terrible service.,2025-11-12T21:35:21.192802
r47,s7,c20,4,Will come again.,2025-10-14T21:35:21.192802
r48,s11,c14,1,Quality is poor.,2025-08-07T21:35:21.192802
r49,s2,c14,2,Terrible service.,2025-08-07T21:35:21.192802
r50,s5,c188,4,Best purchase ever!,2025-10-26T21:35:21.192802
r51,s15,c447,2,Terrible service.,2025-06-27T21:35:21.192802
r52,s17,c283,5,Will come again.,2025-09-09T21:35:21.192802
r53,s7,c283,2,Quality is poor.,2025-09-09T21:35:21.192802
r54,s13,c198,1,Terrible service.,2025-06-10T21:35:21.192802
r55,s9,c198,2,Quality is poor.,2025-06-10T21:35:21.192802
r56,s6,c194,2,Quality is poor.,2025-09-09T21:35:21.192802
r57,s13,c306,1,Never coming back.,2025-09-11T21:35:21.192802
r58,s11,c45,5,Will come again.,2025-07-07T21:35:21.192802
r59,s5,c45,2,Quality is poor.,2025-07-07T21:35:21.192802
r60,s10,c260,2,Too expensive.,2025-10-30T21:35:21.192802
r61,s10,c23,2,Terrible service.,2025-09-05T21:35:21.192802
r62,s9,c79,5,Best purchase ever!,2025-11-01T21:35:21.192802
r63,s19,c279,1,Quality is poor.,2025-10-29T21:35:21.192802
r64,s19,c495,1,Disappointed.,2025-08-04T21:35:21.192802
r65,s2,c122,3,It was okay.,2025-10-10T21:35:21.192802
r66,s19,c195,2,Terrible service.,2025-08-09T21:35:21.192802
r67,s9,c406,5,Will come again.,2025-09-07T21:35:21.192802
r68,s13,c371,4,Best purchase ever!,2025-09-05T21:35:21.192802
r69,s5,c40,5,Best purchase ever!,2025-10-29T21:35:21.192802
r70,s6,c313,2,Never coming back.,2025-11-02T21:35:21.192802
r71,s17,c211,3,Not bad.,2025-11-25T21:35:21.192802
r72,s18,c161,3,Not bad.,2025-08-04T21:35:21.192802
r73,s5,c161,5,Best purchase ever!,2025-08-04T21:35:21.192802
r74,s19,c396,5,Best purchase ever!,2025-08-11T21:35:21.192802
r75,s17,c321,1,Terrible service.,2025-10-29T21:35:21.192802
r76,s12,c500,1,Quality is poor.,2025-06-06T21:35:21.192802
r77,s5,c134,1,Quality is poor.,2025-11-08T21:35:21.192802
r78,s5,c177,3,Average experience.,2025-11-28T21:35:21.192802
r79,s8,c177,5,Best purchase ever!,2025-11-28T21:35:21.192802
r80,s1,c330,2,Terrible service.,2025-10-17T21:35:21.192802
r81,s18,c370,4,Great service.,2025-07-10T21:35:21.192802
r82,s9,c284,5,Loved it!,2025-06-12T21:35:21.192802
r83,s20,c196,4,Great service.,2025-08-19T21:35:21.192802
r84,s2,c444,2,Disappointed.,2025-10-28T21:35:21.192802
r85,s10,c228,2,Too expensive.,2025-07-18T21:35:21.192802
r86,s13,c134,3,Average experience.,2025-09-08T21:35:21.192802
r87,s2,c106,5,Loved it!,2025-11-15T21:35:21.192802
r88,s20,c396,4,Great service.,2025-08-28T21:35:21.192802
r89,s9,c396,2,Terrible service.,2025-08-28T21:35:21.192802
r90,s6,c396,5,Will come again.,2025-08-28T21:35:21.192802
r91,s14,c170,1,Too expensive.,2025-06-24T21:35:21.192802
r92,s9,c11,3,Not bad.,2025-10-27T21:35:21.192802
r93,s5,c32,4,Amazing quality.,2025-07-08T21:35:21.192802
r94,s15,c357,3,Decent but pricey.,2025-08-08T21:35:21.192802
r95,s7,c261,3,Average experience.,2025-06-12T21:35:21.192802
r96,s19,c261,1,Terrible service.,2025-06-12T21:35:21.192802
r97,s2,c307,4,Great service.,2025-10-18T21:35:21.192802
r98,s5,c29,3,Decent but pricey.,2025-10-30T21:35:21.192802
r99,s6,c10,3,Not bad.,2025-09-01T21:35:21.192802
r100,s11,c395,2,Disappointed.,2025-06-05T21:35:21.192802
r101,s16,c395,4,Will come again.,2025-06-05T21:35:21.192802
r102,s5,c437,3,Decent but pricey.,2025-07-08T21:35:21.192802
r103,s19,c481,3,Decent but pricey.,2025-06-23T21:35:21.192802
r104,s11,c479,3,It was okay.,2025-08-21T21:35:21.192802
r105,s10,c479,4,Amazing quality.,2025-08-21T21:35:21.192802
r106,s19,c109,5,Will come again.,2025-10-20T21:35:21.192802
r107,s1,c274,4,Best purchase ever!,2025-09-26T21:35:21.192802
r108,s12,c287,1,Terrible service.,2025-07-23T21:35:21.192802
r109,s5,c287,1,Never coming back.,2025-07-23T21:35:21.192802
r110,s1,c252,4,Best purchase ever!,2025-09-30T21:35:21.192802
r111,s9,c418,1,Terrible service.,2025-07-21T21:35:21.192802
r112,s2,c110,5,Great service.,2025-10-08T21:35:21.192802
r113,s13,c90,1,Terrible service.,2025-10-20T21:35:21.192802
r114,s15,c141,1,Disappointed.,2025-11-06T21:35:21.192802
r115,s18,c186,4,Great service.,2025-09-01T21:35:21.192802
r116,s11,c357,1,Terrible service.,2025-09-02T21:35:21.192802
r117,s1,c364,3,It was okay.,2025-10-21T21:35:21.192802
r118,s12,c428,1,Too expensive.,2025-09-19T21:35:21.192802
r119,s11,c232,3,Decent but pricey.,2025-06-06T21:35:21.192802
r120,s13,c232,5,Great service.,2025-06-06T21:35:21.192802
r121,s1,c128,5,Loved it!,2025-09-01T21:35:21.192802
r122,s10,c64,2,Disappointed.,2025-06-15T21:35:21.192802
r123,s20,c64,4,Loved it!,2025-06-15T21:35:21.192802
r124,s9,c228,1,Disappointed.,2025-10-10T21:35:21.192802
r125,s11,c457,2,Terrible service.,2025-07-07T21:35:21.192802
r126,s12,c411,4,Best purchase ever!,2025-09-18T21:35:21.192802
r127,s15,c470,1,Quality is poor.,2025-06-11T21:35:21.192802
r128,s12,c470,5,Amazing quality.,2025-06-11T21:35:21.192802
r129,s20,c234,4,Loved it!,2025-08-06T21:35:21.192802
r130,s18,c125,3,It was okay.,2025-08-25T21:35:21.192802
r131,s1,c380,3,Average experience.,2025-09-17T21:35:21.192802
r132,s10,c380,2,Never coming back.,2025-09-17T21:35:21.192802
r133,s2,c240,2,Terrible service.,2025-07-14T21:35:21.192802
r134,s2,c402,3,Decent but pricey.,2025-06-05T21:35:21.192802
r135,s9,c374,4,Amazing quality.,2025-08-19T21:35:21.192802
r136,s2,c150,1,Quality is poor.,2025-11-18T21:35:21.192802
r137,s5,c15,2,Terrible service.,2025-10-08T21:35:21.192802
r138,s9,c15,2,Disappointed.,2025-10-08T21:35:21.192802
r139,s13,c73,3,Not bad.,2025-10-01T21:35:21.192802
r140,s6,c217,4,Amazing quality.,2025-09-12T21:35:21.192802
r141,s9,c417,2,Never coming back.,2025-07-23T21:35:21.192802
r142,s20,c385,2,Quality is poor.,2025-11-03T21:35:21.192802
r143,s7,c495,4,Great service.,2025-06-09T21:35:21.192802
r144,s12,c335,3,It was okay.,2025-07-26T21:35:21.192802
r145,s3,c314,5,Amazing quality.,2025-10-14T21:35:21.192802
r146,s19,c474,5,Great service.,2025-09-08T21:35:21.192802
r147,s11,c192,4,Great service.,2025-11-18T21:35:21.192802
r148,s12,c220,4,Amazing quality.,2025-08-25T21:35:21.192802
r149,s13,c44,4,Loved it!,2025-06-19T21:35:21.192802
r150,s3,c35,3,It was okay.,2025-07-27T21:35:21.192802
r151,s11,c271,4,Amazing quality.,2025-11-20T21:35:21.192802
r152,s12,c181,3,Decent but pricey.,2025-10-31T21:35:21.192802
r153,s11,c181,1,Disappointed.,2025-10-31T21:35:21.192802
r154,s8,c288,5,Great service.,2025-11-10T21:35:21.192802
r155,s14,c357,1,Terrible service.,2025-06-19T21:35:21.192802
r156,s19,c336,3,It was okay.,2025-06-19T21:35:21.192802
r157,s15,c268,3,Decent but pricey.,2025-06-03T21:35:21.192802
r158,s10,c69,3,It was okay.,2025-11-22T21:35:21.192802
r159,s11,c294,3,It was okay.,2025-07-04T21:35:21.192802
r160,s20,c92,2,Never coming back.,2025-07-09T21:35:21.192802
r161,s11,c92,1,Quality is poor.,2025-07-09T21:35:21.192802
r162,s2,c158,5,Amazing quality.,2025-10-29T21:35:21.192802
r163,s13,c386,1,Too expensive.,2025-06-25T21:35:21.192802
r164,s15,c189,2,Terrible service.,2025-06-21T21:35:21.192802
r165,s8,c76,2,Never coming back.,2025-07-15T21:35:21.192802
r166,s8,c361,3,Decent but pricey.,2025-06-13T21:35:21.192802
r167,s10,c24,5,Will come again.,2025-07-22T21:35:21.192802
r168,s10,c40,4,Great service.,2025-06-10T21:35:21.192802
r169,s9,c40,2,Quality is poor.,2025-06-10T21:35:21.192802
r170,s5,c40,4,Will come again.,2025-06-10T21:35:21.192802
r171,s12,c234,3,Not bad.,2025-07-25T21:35:21.192802
r172,s1,c155,1,Quality is poor.,2025-11-11T21:35:21.192802
r173,s17,c256,2,Too expensive.,2025-11-15T21:35:21.192802
r174,s2,c256,3,Average experience.,2025-11-15T21:35:21.192802
r175,s19,c46,2,Never coming back.,2025-06-06T21:35:21.192802
r176,s6,c265,5,Great service.,2025-08-28T21:35:21.192802
r177,s7,c265,4,Great service.,2025-08-28T21:35:21.192802
r178,s11,c79,3,Average experience.,2025-09-30T21:35:21.192802
r179,s10,c70,4,Will come again.,2025-10-07T21:35:21.192802
r180,s13,c435,1,Quality is poor.,2025-11-03T21:35:21.192802
r181,s5,c258,4,Best purchase ever!,2025-07-26T21:35:21.192802
r182,s3,c287,1,Quality is poor.,2025-06-07T21:35:21.192802
r183,s20,c445,3,Decent but pricey.,2025-06-15T21:35:21.192802
r184,s5,c445,4,Best purchase ever!,2025-06-15T21:35:21.192802
r185,s5,c348,1,Terrible service.,2025-08-13T21:35:21.192802
r186,s9,c208,4,Will come again.,2025-11-21T21:35:21.192802
r187,s1,c442,3,Average experience.,2025-10-20T21:35:21.192802
r188,s10,c61,4,Amazing quality.,2025-09-17T21:35:21.192802
r189,s1,c78,1,Disappointed.,2025-10-30T21:35:21.192802
r190,s5,c270,4,Loved it!,2025-06-24T21:35:21.192802
r191,s12,c333,3,Decent but pricey.,2025-06-18T21:35:21.192802
r192,s12,c34,1,Terrible service.,2025-10-19T21:35:21.192802
r193,s10,c144,3,It was okay.,2025-07-14T21:35:21.192802
r194,s16,c144,2,Quality is poor.,2025-07-14T21:35:21.192802
r195,s5,c403,2,Quality is poor.,2025-09-09T21:35:21.192802
r196,s3,c62,5,Amazing quality.,2025-09-12T21:35:21.192802
r197,s12,c141,4,Will come again.,2025-11-18T21:35:21.192802
r198,s10,c141,3,Average experience.,2025-11-18T21:35:21.192802
r199,s20,c392,3,Not bad.,2025-10-26T21:35:21.192802
r200,s14,c120,1,Never coming back.,2025-10-07T21:35:21.192802
r201,s1,c120,2,Disappointed.,2025-10-07T21:35:21.192802
r202,s13,c22,1,Quality is poor.,2025-10-27T21:35:21.192802
r203,s20,c68,4,Will come again.,2025-07-31T21:35:21.192802
r204,s10,c68,3,Average experience.,2025-07-31T21:35:21.192802
r205,s12,c44,4,Great service.,2025-07-02T21:35:21.192802
r206,s1,c188,3,Average experience.,2025-10-17T21:35:21.192802
r207,s15,c13,1,Never coming back.,2025-07-13T21:35:21.192802
r208,s2,c434,2,Terrible service.,2025-07-08T21:35:21.192802
r209,s10,c434,3,Average experience.,2025-07-08T21:35:21.192802
r210,s17,c275,5,Will come again.,2025-07-29T21:35:21.192802
r211,s14,c18,1,Terrible service.,2025-06-05T21:35:21.192802
r212,s1,c282,4,Amazing quality.,2025-08-11T21:35:21.192802
r213,s17,c336,1,Disappointed.,2025-09-08T21:35:21.192802
r214,s2,c357,2,Terrible service.,2025-11-14T21:35:21.192802
r215,s10,c10,3,It was okay.,2025-09-12T21:35:21.192802
r216,s6,c266,2,Too expensive.,2025-07-17T21:35:21.192802
r217,s9,c220,4,Great service.,2025-09-23T21:35:21.192802
r218,s14,c224,4,Will come again.,2025-07-30T21:35:21.192802
r219,s12,c224,2,Quality is poor.,2025-07-30T21:35:21.192802
r220,s8,c185,4,Will come again.,2025-07-05T21:35:21.192802
r221,s20,c185,2,Quality is poor.,2025-07-05T21:35:21.192802
r222,s13,c16,1,Never coming back.,2025-08-20T21:35:21.192802
r223,s12,c16,5,Best purchase ever!,2025-08-20T21:35:21.192802
r224,s8,c60,3,Not bad.,2025-08-27T21:35:21.192802
r225,s20,c347,4,Best purchase ever!,2025-08-22T21:35:21.192802
r226,s1,c347,4,Great service.,2025-08-22T21:35:21.192802
r227,s9,c124,1,Never coming back.,2025-09-01T21:35:21.192802
r228,s12,c191,1,Terrible service.,2025-06-09T21:35:21.192802
r229,s15,c67,3,Decent but pricey.,2025-10-10T21:35:21.192802
r230,s10,c54,2,Quality is poor.,2025-10-22T21:35:21.192802
r231,s1,c491,2,Terrible service.,2025-09-11T21:35:21.192802
r232,s9,c114,4,Will come again.,2025-10-07T21:35:21.192802
r233,s1,c69,3,Not bad.,2025-06-06T21:35:21.192802
r234,s9,c5,5,Great service.,2025-07-14T21:35:21.192802
r235,s17,c5,4,Amazing quality.,2025-07-14T21:35:21.192802
r236,s12,c115,4,Loved it!,2025-08-26T21:35:21.192802
r237,s7,c151,1,Disappointed.,2025-11-03T21:35:21.192802
r238,s12,c69,3,It was okay.,2025-10-21T21:35:21.192802
r239,s11,c5,1,Too expensive.,2025-11-24T21:35:21.192802
r240,s9,c196,5,Will come again.,2025-07-14T21:35:21.192802
r241,s18,c270,2,Never coming back.,2025-10-30T21:35:21.192802
r242,s10,c270,1,Too expensive.,2025-10-30T21:35:21.192802
r243,s11,c270,5,Will come again.,2025-10-30T21:35:21.192802
r244,s12,c148,1,Too expensive.,2025-10-08T21:35:21.192802
r245,s17,c56,3,Average experience.,2025-11-25T21:35:21.192802
r246,s12,c337,2,Terrible service.,2025-07-28T21:35:21.192802
r247,s5,c443,3,Decent but pricey.,2025-11-27T21:35:21.192802
r248,s2,c327,4,Great service.,2025-08-19T21:35:21.192802
r249,s5,c304,2,Terrible service.,2025-07-15T21:35:21.192802
r250,s12,c127,4,Will come again.,2025-09-10T21:35:21.192802
r251,s9,c290,2,Never coming back.,2025-10-02T21:35:21.192802
r252,s1,c102,2,Terrible service.,2025-07-21T21:35:21.192802
r253,s15,c21,1,Too expensive.,2025-10-13T21:35:21.192802
r254,s15,c435,2,Disappointed.,2025-06-27T21:35:21.192802
r255,s1,c435,2,Terrible service.,2025-06-27T21:35:21.192802
r256,s19,c91,3,Decent but pricey.,2025-10-04T21:35:21.192802
r257,s5,c91,5,Loved it!,2025-10-04T21:35:21.192802
r258,s20,c91,5,Will come again.,2025-10-04T21:35:21.192802
r259,s5,c214,1,Too expensive.,2025-09-19T21:35:21.192802
r260,s11,c381,4,Amazing quality.,2025-08-07T21:35:21.192802
r261,s11,c459,1,Terrible service.,2025-09-02T21:35:21.192802
r262,s11,c93,5,Best purchase ever!,2025-06-13T21:35:21.192802
r263,s14,c250,1,Quality is poor.,2025-11-03T21:35:21.192802
r264,s12,c250,2,Too expensive.,2025-11-03T21:35:21.192802
r265,s12,c261,4,Will come again.,2025-06-06T21:35:21.192802
r266,s12,c417,4,Best purchase ever!,2025-09-04T21:35:21.192802
r267,s17,c370,1,Terrible service.,2025-06-21T21:35:21.192802
r268,s2,c118,2,Disappointed.,2025-11-13T21:35:21.192802
r269,s14,c118,3,It was okay.,2025-11-13T21:35:21.192802
r270,s2,c92,3,Average experience.,2025-11-25T21:35:21.192802
r271,s14,c352,1,Terrible service.,2025-08-27T21:35:21.192802
r272,s14,c353,5,Amazing quality.,2025-09-30T21:35:21.192802
r273,s2,c395,3,Decent but pricey.,2025-11-28T21:35:21.192802
r274,s1,c320,5,Amazing quality.,2025-10-05T21:35:21.192802
r275,s16,c320,2,Terrible service.,2025-10-05T21:35:21.192802
r276,s15,c411,5,Great service.,2025-06-17T21:35:21.192802
r277,s1,c411,5,Amazing quality.,2025-06-17T21:35:21.192802
r278,s5,c122,3,Decent but pricey.,2025-06-02T21:35:21.192802
r279,s11,c95,5,Amazing quality.,2025-11-20T21:35:21.192802
r280,s19,c484,4,Loved it!,2025-09-30T21:35:21.192802
r281,s11,c235,5,Amazing quality.,2025-11-24T21:35:21.192802
r282,s14,c235,5,Great service.,2025-11-24T21:35:21.192802
r283,s15,c4,1,Terrible service.,2025-07-16T21:35:21.192802
r284,s1,c65,5,Loved it!,2025-10-07T21:35:21.192802
r285,s12,c350,4,Amazing quality.,2025-07-10T21:35:21.192802
r286,s11,c350,3,Average experience.,2025-07-10T21:35:21.192802
r287,s16,c380,4,Will come again.,2025-11-19T21:35:21.192802
r288,s9,c49,3,Decent but pricey.,2025-10-17T21:35:21.192802
r289,s5,c49,4,Will come again.,2025-10-17T21:35:21.192802
r290,s10,c464,2,Never coming back.,2025-10-09T21:35:21.192802
r291,s5,c272,5,Will come again.,2025-07-18T21:35:21.192802
r292,s11,c238,2,Terrible service.,2025-11-07T21:35:21.192802
r293,s18,c336,5,Great service.,2025-08-16T21:35:21.192802
r294,s13,c277,2,Quality is poor.,2025-09-04T21:35:21.192802
r295,s3,c25,3,It was okay.,2025-09-10T21:35:21.192802
r296,s10,c424,2,Too expensive.,2025-08-08T21:35:21.192802
r297,s5,c424,1,Terrible service.,2025-08-08T21:35:21.192802
r298,s1,c291,4,Will come again.,2025-07-04T21:35:21.192802
r299,s20,c489,1,Never coming back.,2025-10-01T21:35:21.192802
r300,s12,c86,2,Too expensive.,2025-07-26T21:35:21.192802
r301,s14,c463,2,Never coming back.,2025-10-21T21:35:21.192802
r302,s11,c213,1,Too expensive.,2025-07-31T21:35:21.192802
r303,s19,c213,2,Disappointed.,2025-07-31T21:35:21.192802
r304,s9,c438,4,Amazing quality.,2025-11-04T21:35:21.192802
r305,s8,c158,5,Loved it!,2025-06-26T21:35:21.192802
r306,s12,c309,3,Decent but pricey.,2025-07-24T21:35:21.192802
r307,s13,c271,3,Not bad.,2025-10-13T21:35:21.192802
r308,s14,c43,4,Great service.,2025-07-11T21:35:21.192802
r309,s6,c364,2,Terrible service.,2025-11-12T21:35:21.192802
r310,s9,c364,1,Disappointed.,2025-11-12T21:35:21.192802
r311,s5,c478,1,Too expensive.,2025-10-24T21:35:21.192802
r312,s14,c89,2,Quality is poor.,2025-07-28T21:35:21.192802
r313,s1,c486,3,Decent but pricey.,2025-09-11T21:35:21.192802
r314,s14,c141,1,Terrible service.,2025-10-21T21:35:21.192802
r315,s19,c369,1,Never coming back.,2025-11-19T21:35:21.192802
r316,s5,c196,1,Quality is poor.,2025-06-06T21:35:21.192802
r317,s8,c196,5,Best purchase ever!,2025-11-25T21:35:21.192802
r318,s2,c436,4,Loved it!,2025-11-05T21:35:21.192802
r319,s9,c436,5,Will come again.,2025-11-05T21:35:21.192802
r320,s13,c101,3,It was okay.,2025-11-19T21:35:21.192802
r321,s12,c223,1,Never coming back.,2025-07-11T21:35:21.192802
r322,s5,c453,1,Never coming back.,2025-06-03T21:35:21.192802
r323,s14,c193,2,Terrible service.,2025-09-28T21:35:21.192802
r324,s11,c327,3,Not bad.,2025-06-17T21:35:21.192802
r325,s20,c249,2,Disappointed.,2025-11-05T21:35:21.192802
r326,s19,c313,5,Will come again.,2025-07-08T21:35:21.192802
r327,s5,c313,5,Will come again.,2025-07-08T21:35:21.192802
r328,s9,c148,4,Best purchase ever!,2025-08-04T21:35:21.192802
r329,s1,c473,5,Amazing quality.,2025-06-04T21:35:21.192802
r330,s9,c221,5,Best purchase ever!,2025-10-13T21:35:21.192802
r331,s2,c207,2,Never coming back.,2025-08-22T21:35:21.192802
r332,s11,c497,1,Terrible service.,2025-06-25T21:35:21.192802
r333,s20,c229,4,Great service.,2025-07-15T21:35:21.192802
r334,s13,c82,5,Amazing quality.,2025-10-08T21:35:21.192802
r335,s19,c481,5,Amazing quality.,2025-09-01T21:35:21.192802
r336,s7,c462,4,Amazing quality.,2025-07-01T21:35:21.192802
r337,s1,c62,2,Too expensive.,2025-08-01T21:35:21.192802
r338,s13,c128,1,Too expensive.,2025-07-22T21:35:21.192802
r339,s5,c279,4,Will come again.,2025-10-15T21:35:21.192802
r340,s5,c29,3,Decent but pricey.,2025-09-01T21:35:21.192802
r341,s9,c64,3,It was okay.,2025-06-17T21:35:21.192802
r342,s9,c239,1,Too expensive.,2025-08-08T21:35:21.192802
r343,s10,c37,2,Never coming back.,2025-07-23T21:35:21.192802
r344,s2,c235,2,Terrible service.,2025-07-10T21:35:21.192802
r345,s13,c292,5,Amazing quality.,2025-07-27T21:35:21.192802
r346,s12,c216,3,Decent but pricey.,2025-07-11T21:35:21.192802
r347,s16,c216,1,Disappointed.,2025-07-11T21:35:21.192802
r348,s20,c216,2,Quality is poor.,2025-07-11T21:35:21.192802
r349,s10,c306,1,Too expensive.,2025-08-04T21:35:21.192802
r350,s5,c79,3,It was okay.,2025-11-04T21:35:21.192802
r351,s1,c79,3,Average experience.,2025-11-04T21:35:21.192802
r352,s2,c246,3,It was okay.,2025-08-06T21:35:21.192802
r353,s9,c219,3,Average experience.,2025-08-01T21:35:21.192802
r354,s11,c45,3,Average experience.,2025-06-05T21:35:21.192802
r355,s2,c12,1,Too expensive.,2025-08-28T21:35:21.192802
r356,s9,c175,4,Loved it!,2025-11-25T21:35:21.192802
r357,s10,c388,4,Will come again.,2025-10-02T21:35:21.192802
r358,s14,c302,1,Quality is poor.,2025-11-24T21:35:21.192802
r359,s9,c438,2,Disappointed.,2025-06-13T21:35:21.192802
r360,s13,c97,3,Not bad.,2025-11-13T21:35:21.192802
r361,s15,c49,4,Great service.,2025-06-24T21:35:21.192802
r362,s1,c450,5,Will come again.,2025-10-10T21:35:21.192802
r363,s10,c450,4,Will come again.,2025-10-10T21:35:21.192802
r364,s1,c408,2,Disappointed.,2025-07-08T21:35:21.192802
r365,s5,c346,4,Amazing quality.,2025-09-06T21:35:21.192802
r366,s20,c10,5,Best purchase ever!,2025-11-12T21:35:21.192802
r367,s2,c362,2,Terrible service.,2025-11-25T21:35:21.192802
r368,s13,c238,4,Best purchase ever!,2025-07-31T21:35:21.192802
r369,s15,c44,2,Quality is poor.,2025-09-19T21:35:21.192802
r370,s1,c240,2,Too expensive.,2025-08-22T21:35:21.192802
r371,s6,c212,4,Loved it!,2025-06-10T21:35:21.192802
r372,s7,c318,2,Terrible service.,2025-11-28T21:35:21.192802
r373,s2,c243,5,Loved it!,2025-07-07T21:35:21.192802
r374,s5,c448,3,It was okay.,2025-10-31T21:35:21.192802
r375,s5,c11,1,Quality is poor.,2025-08-06T21:35:21.192802
r376,s17,c275,5,Will come again.,2025-09-18T21:35:21.192802
r377,s19,c249,3,Not bad.,2025-10-30T21:35:21.192802
r378,s20,c249,1,Quality is poor.,2025-10-30T21:35:21.192802
r379,s12,c140,4,Amazing quality.,2025-08-29T21:35:21.192802
r380,s11,c60,3,Average experience.,2025-06-12T21:35:21.192802
r381,s2,c358,2,Too expensive.,2025-06-02T21:35:21.192802
r382,s9,c358,1,Too expensive.,2025-06-02T21:35:21.192802
r383,s7,c240,1,Quality is poor.,2025-08-07T21:35:21.192802
r384,s12,c169,1,Never coming back.,2025-10-24T21:35:21.192802
r385,s11,c35,2,Terrible service.,2025-06-18T21:35:21.192802
r386,s12,c408,3,Decent but pricey.,2025-07-08T21:35:21.192802
r387,s8,c408,2,Quality is poor.,2025-07-08T21:35:21.192802
r388,s6,c76,3,It was okay.,2025-10-27T21:35:21.192802
r389,s12,c349,3,Average experience.,2025-06-09T21:35:21.192802
r390,s5,c2,4,Best purchase ever!,2025-06-17T21:35:21.192802
r391,s12,c78,5,Great service.,2025-09-11T21:35:21.192802
r392,s12,c106,1,Disappointed.,2025-08-21T21:35:21.192802
r393,s12,c395,3,Decent but pricey.,2025-09-05T21:35:21.192802
r394,s12,c111,4,Amazing quality.,2025-08-03T21:35:21.192802
r395,s1,c111,5,Loved it!,2025-08-03T21:35:21.192802
r396,s5,c111,5,Will come again.,2025-08-03T21:35:21.192802
r397,s14,c397,5,Great service.,2025-10-29T21:35:21.192802
r398,s11,c429,1,Too expensive.,2025-08-07T21:35:21.192802
r399,s1,c135,5,Will come again.,2025-10-30T21:35:21.192802
r400,s10,c382,4,Will come again.,2025-06-20T21:35:21.192802
r401,s9,c392,3,Average experience.,2025-06-19T21:35:21.192802
r402,s9,c62,1,Never coming back.,2025-08-03T21:35:21.192802
r403,s1,c86,3,Not bad.,2025-06-18T21:35:21.192802
r404,s12,c416,5,Best purchase ever!,2025-09-26T21:35:21.192802
r405,s1,c466,3,It was okay.,2025-10-16T21:35:21.192802
r406,s9,c306,3,Not bad.,2025-09-30T21:35:21.192802
r407,s12,c42,3,Not bad.,2025-07-11T21:35:21.192802
r408,s19,c440,5,Will come again.,2025-11-18T21:35:21.192802
r409,s20,c440,5,Great service.,2025-11-18T21:35:21.192802
r410,s9,c368,5,Will come again.,2025-09-09T21:35:21.192802
r411,s2,c52,4,Great service.,2025-06-20T21:35:21.192802
r412,s10,c335,3,Decent but pricey.,2025-06-03T21:35:21.192802
r413,s14,c306,4,Will come again.,2025-08-14T21:35:21.192802
r414,s11,c306,2,Never coming back.,2025-08-14T21:35:21.192802
r415,s9,c214,1,Too expensive.,2025-10-27T21:35:21.192802
r416,s14,c352,5,Best purchase ever!,2025-09-26T21:35:21.192802
r417,s10,c55,3,Not bad.,2025-08-13T21:35:21.192802
r418,s2,c55,4,Best purchase ever!,2025-08-13T21:35:21.192802
r419,s11,c55,2,Quality is poor.,2025-08-13T21:35:21.192802
r420,s20,c228,1,Never coming back.,2025-10-08T21:35:21.192802
r421,s2,c371,4,Will come again.,2025-10-24T21:35:21.192802
r422,s5,c2,2,Never coming back.,2025-06-08T21:35:21.192802
r423,s13,c406,3,It was okay.,2025-09-07T21:35:21.192802
r424,s17,c148,3,Average experience.,2025-10-21T21:35:21.192802
r425,s10,c124,3,Average experience.,2025-08-04T21:35:21.192802
r426,s5,c442,4,Will come again.,2025-10-02T21:35:21.192802
r427,s11,c428,5,Amazing quality.,2025-08-20T21:35:21.192802
r428,s15,c354,4,Great service.,2025-11-11T21:35:21.192802
r429,s9,c43,3,Average experience.,2025-08-04T21:35:21.192802
r430,s17,c415,3,Not bad.,2025-09-07T21:35:21.192802
r431,s15,c172,4,Will come again.,2025-06-09T21:35:21.192802
r432,s14,c190,3,It was okay.,2025-09-02T21:35:21.192802
r433,s7,c160,3,It was okay.,2025-07-22T21:35:21.192802
r434,s20,c160,1,Quality is poor.,2025-07-22T21:35:21.192802
r435,s11,c41,1,Too expensive.,2025-06-09T21:35:21.192802
r436,s10,c5,2,Disappointed.,2025-06-09T21:35:21.192802
r437,s5,c427,3,It was okay.,2025-07-01T21:35:21.192802
r438,s18,c72,5,Great service.,2025-07-16T21:35:21.192802
r439,s17,c72,1,Too expensive.,2025-07-16T21:35:21.192802
r440,s6,c441,4,Best purchase ever!,2025-10-31T21:35:21.192802
r441,s11,c22,2,Never coming back.,2025-11-17T21:35:21.192802
r442,s12,c22,3,Decent but pricey.,2025-11-17T21:35:21.192802
r443,s8,c288,5,Amazing quality.,2025-08-21T21:35:21.192802
r444,s17,c233,3,It was okay.,2025-08-06T21:35:21.192802
r445,s13,c424,4,Loved it!,2025-09-25T21:35:21.192802
r446,s7,c205,3,Not bad.,2025-08-17T21:35:21.192802
r447,s14,c296,4,Great service.,2025-08-19T21:35:21.192802
r448,s1,c206,5,Best purchase ever!,2025-09-12T21:35:21.192802
r449,s5,c70,4,Loved it!,2025-10-28T21:35:21.192802
r450,s19,c377,5,Great service.,2025-08-14T21:35:21.192802
r451,s11,c273,2,Disappointed.,2025-07-18T21:35:21.192802
r452,s9,c304,3,Not bad.,2025-10-31T21:35:21.192802
r453,s9,c388,5,Best purchase ever!,2025-06-12T21:35:21.192802
r454,s6,c376,4,Loved it!,2025-11-12T21:35:21.192802
r455,s8,c376,3,Decent but pricey.,2025-11-12T21:35:21.192802
r456,s10,c29,1,Never coming back.,2025-09-19T21:35:21.192802
r457,s12,c160,4,Great service.,2025-09-09T21:35:21.192802
r458,s11,c160,4,Will come again.,2025-09-09T21:35:21.192802
r459,s19,c431,1,Quality is poor.,2025-09-10T21:35:21.192802
r460,s12,c354,5,Will come again.,2025-06-25T21:35:21.192802
r461,s15,c294,3,Not bad.,2025-06-29T21:35:21.192802
r462,s5,c13,5,Great service.,2025-07-12T21:35:21.192802
r463,s11,c299,3,Average experience.,2025-11-06T21:35:21.192802
r464,s7,c312,4,Loved it!,2025-09-27T21:35:21.192802
r465,s9,c426,5,Great service.,2025-08-31T21:35:21.192802
r466,s11,c166,3,Average experience.,2025-10-01T21:35:21.192802
r467,s18,c166,4,Best purchase ever!,2025-10-01T21:35:21.192802
r468,s8,c72,5,Will come again.,2025-11-14T21:35:21.192802
r469,s3,c72,3,Average experience.,2025-11-14T21:35:21.192802
r470,s8,c328,2,Too expensive.,2025-11-19T21:35:21.192802
r471,s1,c403,2,Terrible service.,2025-07-14T21:35:21.192802
r472,s1,c62,2,Too expensive.,2025-08-25T21:35:21.192802
r473,s1,c494,4,Best purchase ever!,2025-10-08T21:35:21.192802
r474,s1,c137,1,Never coming back.,2025-07-09T21:35:21.192802
r475,s19,c137,3,Not bad.,2025-07-09T21:35:21.192802
r476,s10,c122,1,Too expensive.,2025-10-31T21:35:21.192802
r477,s13,c122,4,Amazing quality.,2025-10-31T21:35:21.192802
r478,s12,c122,2,Disappointed.,2025-10-31T21:35:21.192802
r479,s12,c422,3,Decent but pricey.,2025-09-23T21:35:21.192802
r480,s2,c371,5,Loved it!,2025-06-22T21:35:21.192802
r481,s1,c371,4,Will come again.,2025-06-22T21:35:21.192802
r482,s13,c178,5,Great service.,2025-06-05T21:35:21.192802
r483,s10,c291,4,Loved it!,2025-09-30T21:35:21.192802
r484,s5,c431,5,Best purchase ever!,2025-07-01T21:35:21.192802
r485,s5,c27,1,Terrible service.,2025-08-01T21:35:21.192802
r486,s1,c271,4,Will come again.,2025-07-29T21:35:21.192802
r487,s2,c51,3,It was okay.,2025-10-01T21:35:21.192802
r488,s5,c151,5,Great service.,2025-10-14T21:35:21.192802
r489,s10,c151,4,Loved it!,2025-10-14T21:35:21.192802
r490,s9,c32,4,Amazing quality.,2025-11-20T21:35:21.192802
r491,s6,c212,3,Not bad.,2025-08-23T21:35:21.192802
r492,s15,c65,1,Terrible service.,2025-08-28T21:35:21.192802
r493,s9,c137,2,Too expensive.,2025-10-18T21:35:21.192802
r494,s1,c173,2,Never coming back.,2025-10-16T21:35:21.192802
r495,s1,c413,1,Disappointed.,2025-09-16T21:35:21.192802
r496,s18,c471,1,Never coming back.,2025-07-11T21:35:21.192802
r497,s16,c473,3,Not bad.,2025-07-31T21:35:21.192802
r498,s8,c174,3,It was okay.,2025-10-15T21:35:21.192802
r499,s10,c394,2,Terrible service.,2025-11-05T21:35:21.192802
r500,s9,c143,5,Amazing quality.,2025-10-22T21:35:21.192802
r501,s12,c454,1,Too expensive.,2025-10-10T21:35:21.192802
r502,s20,c356,3,Decent but pricey.,2025-06-23T21:35:21.192802
r503,s12,c356,5,Will come again.,2025-06-23T21:35:21.192802
r504,s5,c80,1,Never coming back.,2025-07-03T21:35:21.192802
r505,s2,c414,1,Disappointed.,2025-07-30T21:35:21.192802
r506,s11,c414,5,Great service.,2025-07-30T21:35:21.192802
r507,s10,c84,1,Too expensive.,2025-11-27T21:35:21.192802
r508,s12,c420,3,It was okay.,2025-06-16T21:35:21.192802
r509,s5,c420,1,Never coming back.,2025-06-16T21:35:21.192802
r510,s2,c420,3,Average experience.,2025-06-16T21:35:21.192802
r511,s12,c499,4,Great service.,2025-11-09T21:35:21.192802
r512,s18,c71,4,Best purchase ever!,2025-07-11T21:35:21.192802
r513,s7,c323,2,Terrible service.,2025-09-08T21:35:21.192802
r514,s10,c10,4,Best purchase ever!,2025-10-13T21:35:21.192802
r515,s12,c334,1,Never coming back.,2025-06-23T21:35:21.192802
r516,s9,c120,1,Terrible service.,2025-08-06T21:35:21.192802
r517,s20,c320,5,Great service.,2025-08-29T21:35:21.192802
r518,s11,c290,4,Great service.,2025-06-24T21:35:21.192802
r519,s1,c290,2,Never coming back.,2025-06-24T21:35:21.192802
r520,s15,c251,5,Best purchase ever!,2025-10-01T21:35:21.192802
r521,s13,c89,2,Quality is poor.,2025-06-03T21:35:21.192802
r522,s1,c437,3,Not bad.,2025-06-10T21:35:21.192802
r523,s2,c334,3,Average experience.,2025-07-23T21:35:21.192802
r524,s7,c318,1,Never coming back.,2025-06-13T21:35:21.192802
r525,s12,c21,5,Amazing quality.,2025-10-26T21:35:21.192802
r526,s20,c34,4,Loved it!,2025-06-27T21:35:21.192802
r527,s13,c442,4,Best purchase ever!,2025-09-27T21:35:21.192802
r528,s3,c184,4,Best purchase ever!,2025-11-21T21:35:21.192802
r529,s9,c163,4,Loved it!,2025-08-12T21:35:21.192802
r530,s11,c402,5,Great service.,2025-06-24T21:35:21.192802
r531,s9,c294,5,Amazing quality.,2025-07-10T21:35:21.192802
r532,s20,c308,2,Disappointed.,2025-07-23T21:35:21.192802
r533,s1,c97,5,Best purchase ever!,2025-08-14T21:35:21.192802
r534,s9,c97,5,Best purchase ever!,2025-08-14T21:35:21.192802
r535,s11,c36,5,Best purchase ever!,2025-10-28T21:35:21.192802
r536,s19,c108,3,It was okay.,2025-11-20T21:35:21.192802
r537,s19,c412,3,It was okay.,2025-06-24T21:35:21.192802
r538,s19,c156,2,Never coming back.,2025-08-11T21:35:21.192802
r539,s17,c72,3,Average experience.,2025-08-12T21:35:21.192802
r540,s14,c65,4,Loved it!,2025-06-17T21:35:21.192802
r541,s6,c54,1,Terrible service.,2025-06-12T21:35:21.192802
r542,s14,c333,3,Not bad.,2025-09-24T21:35:21.192802
r543,s9,c142,4,Amazing quality.,2025-07-09T21:35:21.192802
r544,s14,c463,2,Never coming back.,2025-09-02T21:35:21.192802
r545,s12,c487,4,Great service.,2025-09-18T21:35:21.192802
r546,s13,c389,4,Loved it!,2025-11-26T21:35:21.192802
r547,s5,c53,5,Best purchase ever!,2025-10-02T21:35:21.192802
r548,s20,c445,4,Best purchase ever!,2025-06-02T21:35:21.192802
r549,s6,c158,2,Too expensive.,2025-08-08T21:35:21.192802
r550,s13,c150,3,Decent but pricey.,2025-10-14T21:35:21.192802
r551,s12,c183,2,Too expensive.,2025-08-26T21:35:21.192802
r552,s2,c404,5,Will come again.,2025-07-30T21:35:21.192802
r553,s19,c105,4,Best purchase ever!,2025-08-26T21:35:21.192802
r554,s2,c36,4,Great service.,2025-08-01T21:35:21.192802
r555,s2,c473,5,Will come again.,2025-08-14T21:35:21.192802
r556,s1,c473,4,Loved it!,2025-08-14T21:35:21.192802
r557,s9,c360,2,Quality is poor.,2025-06-17T21:35:21.192802
r558,s5,c368,1,Quality is poor.,2025-07-08T21:35:21.192802
r559,s16,c96,2,Never coming back.,2025-07-18T21:35:21.192802
r560,s9,c7,4,Amazing quality.,2025-09-11T21:35:21.192802
r561,s12,c7,4,Best purchase ever!,2025-09-11T21:35:21.192802
r562,s13,c418,3,Average experience.,2025-07-23T21:35:21.192802
r563,s17,c24,1,Terrible service.,2025-10-31T21:35:21.192802
r564,s11,c155,3,Not bad.,2025-10-15T21:35:21.192802
r565,s12,c303,2,Never coming back.,2025-11-26T21:35:21.192802
r566,s9,c257,1,Too expensive.,2025-08-19T21:35:21.192802
r567,s13,c424,2,Never coming back.,2025-11-19T21:35:21.192802
r568,s11,c388,4,Will come again.,2025-08-18T21:35:21.192802
r569,s5,c388,4,Best purchase ever!,2025-08-18T21:35:21.192802
r570,s5,c372,2,Disappointed.,2025-11-18T21:35:21.192802
r571,s1,c389,1,Quality is poor.,2025-08-19T21:35:21.192802
r572,s5,c167,2,Never coming back.,2025-09-19T21:35:21.192802
r573,s7,c142,4,Great service.,2025-07-01T21:35:21.192802
r574,s5,c142,3,It was okay.,2025-07-01T21:35:21.192802
r575,s1,c148,2,Quality is poor.,2025-11-11T21:35:21.192802
r576,s8,c72,1,Never coming back.,2025-06-30T21:35:21.192802
r577,s9,c287,4,Best purchase ever!,2025-06-24T21:35:21.192802
r578,s12,c287,1,Quality is poor.,2025-06-24T21:35:21.192802
r579,s16,c234,1,Too expensive.,2025-08-14T21:35:21.192802
r580,s11,c191,5,Best purchase ever!,2025-09-05T21:35:21.192802
r581,s2,c268,3,Average experience.,2025-07-08T21:35:21.192802
r582,s14,c268,2,Never coming back.,2025-07-08T21:35:21.192802
r583,s2,c27,3,Not bad.,2025-08-11T21:35:21.192802
r584,s3,c337,3,Not bad.,2025-10-28T21:35:21.192802
r585,s17,c368,5,Will come again.,2025-07-24T21:35:21.192802
r586,s5,c381,3,Not bad.,2025-11-20T21:35:21.192802
r587,s9,c445,3,Not bad.,2025-10-22T21:35:21.192802
r588,s1,c389,4,Best purchase ever!,2025-11-24T21:35:21.192802
r589,s11,c165,5,Loved it!,2025-10-03T21:35:21.192802
r590,s5,c165,4,Best purchase ever!,2025-10-03T21:35:21.192802
r591,s5,c259,1,Too expensive.,2025-09-23T21:35:21.192802
r592,s14,c259,4,Loved it!,2025-09-23T21:35:21.192802
r593,s14,c16,1,Quality is poor.,2025-07-11T21:35:21.192802
r594,s3,c43,2,Never coming back.,2025-10-19T21:35:21.192802
r595,s2,c43,4,Loved it!,2025-10-19T21:35:21.192802
r596,s12,c49,3,It was okay.,2025-11-27T21:35:21.192802
r597,s8,c196,3,Average experience.,2025-07-04T21:35:21.192802
r598,s11,c196,1,Disappointed.,2025-07-04T21:35:21.192802
r599,s8,c181,4,Great service.,2025-10-21T21:35:21.192802
r600,s5,c181,2,Quality is poor.,2025-10-21T21:35:21.192802
r601,s20,c181,2,Too expensive.,2025-10-21T21:35:21.192802
r602,s20,c446,1,Disappointed.,2025-08-29T21:35:21.192802
r603,s9,c437,2,Terrible service.,2025-06-18T21:35:21.192802
r604,s1,c268,1,Too expensive.,2025-10-19T21:35:21.192802
r605,s13,c390,1,Disappointed.,2025-10-24T21:35:21.192802
r606,s11,c206,3,Average experience.,2025-06-29T21:35:21.192802
r607,s2,c166,1,Terrible service.,2025-09-12T21:35:21.192802
r608,s3,c101,2,Never coming back.,2025-10-13T21:35:21.192802
r609,s10,c324,3,Average experience.,2025-10-02T21:35:21.192802
r610,s16,c324,1,Too expensive.,2025-10-02T21:35:21.192802
r611,s10,c420,2,Too expensive.,2025-09-18T21:35:21.192802
r612,s9,c309,4,Loved it!,2025-08-27T21:35:21.192802
r613,s1,c499,2,Too expensive.,2025-07-05T21:35:21.192802
r614,s1,c421,4,Loved it!,2025-08-19T21:35:21.192802
r615,s1,c317,3,Average experience.,2025-09-26T21:35:21.192802
r616,s12,c16,5,Great service.,2025-07-15T21:35:21.192802
r617,s2,c132,1,Quality is poor.,2025-10-06T21:35:21.192802
r618,s6,c262,5,Great service.,2025-06-02T21:35:21.192802
r619,s1,c45,2,Disappointed.,2025-09-23T21:35:21.192802
r620,s11,c362,4,Loved it!,2025-07-18T21:35:21.192802
r621,s5,c309,2,Disappointed.,2025-07-02T21:35:21.192802
r622,s17,c285,1,Never coming back.,2025-07-23T21:35:21.192802
r623,s16,c59,4,Best purchase ever!,2025-06-10T21:35:21.192802
r624,s1,c59,2,Terrible service.,2025-06-10T21:35:21.192802
r625,s8,c457,5,Amazing quality.,2025-08-03T21:35:21.192802
r626,s2,c365,3,Average experience.,2025-11-13T21:35:21.192802
r627,s5,c165,1,Quality is poor.,2025-06-09T21:35:21.192802
r628,s7,c165,2,Never coming back.,2025-06-09T21:35:21.192802
r629,s13,c371,2,Disappointed.,2025-07-28T21:35:21.192802
r630,s14,c183,2,Too expensive.,2025-09-02T21:35:21.192802
r631,s11,c484,2,Never coming back.,2025-07-01T21:35:21.192802
r632,s14,c127,5,Best purchase ever!,2025-11-08T21:35:21.192802
r633,s14,c276,5,Amazing quality.,2025-09-19T21:35:21.192802
r634,s19,c154,1,Terrible service.,2025-09-11T21:35:21.192802
r635,s12,c80,2,Too expensive.,2025-09-30T21:35:21.192802
r636,s12,c8,1,Never coming back.,2025-10-17T21:35:21.192802
r637,s2,c8,4,Great service.,2025-10-17T21:35:21.192802
r638,s8,c342,1,Disappointed.,2025-07-18T21:35:21.192802
r639,s10,c100,1,Never coming back.,2025-10-09T21:35:21.192802
r640,s12,c485,2,Never coming back.,2025-11-24T21:35:21.192802
r641,s10,c17,5,Great service.,2025-10-24T21:35:21.192802
r642,s5,c267,3,It was okay.,2025-06-13T21:35:21.192802
r643,s5,c381,3,Average experience.,2025-09-30T21:35:21.192802
r644,s14,c381,1,Terrible service.,2025-09-30T21:35:21.192802
r645,s6,c52,3,Decent but pricey.,2025-09-04T21:35:21.192802
r646,s6,c326,3,Average experience.,2025-11-20T21:35:21.192802
r647,s16,c133,5,Great service.,2025-09-16T21:35:21.192802
r648,s14,c488,5,Loved it!,2025-07-18T21:35:21.192802
r649,s13,c476,1,Disappointed.,2025-08-25T21:35:21.192802
r650,s5,c143,3,Average experience.,2025-08-01T21:35:21.192802
r651,s5,c129,3,It was okay.,2025-10-21T21:35:21.192802
r652,s10,c467,2,Too expensive.,2025-06-30T21:35:21.192802
r653,s13,c467,5,Best purchase ever!,2025-06-30T21:35:21.192802
r654,s5,c231,1,Quality is poor.,2025-07-16T21:35:21.192802
r655,s7,c346,3,It was okay.,2025-08-28T21:35:21.192802
r656,s10,c81,1,Disappointed.,2025-09-29T21:35:21.192802
r657,s19,c182,5,Best purchase ever!,2025-08-26T21:35:21.192802
r658,s3,c399,3,Average experience.,2025-09-25T21:35:21.192802
r659,s7,c202,5,Will come again.,2025-06-17T21:35:21.192802
r660,s19,c202,3,Not bad.,2025-06-17T21:35:21.192802
r661,s1,c14,1,Terrible service.,2025-11-07T21:35:21.192802
r662,s17,c446,4,Will come again.,2025-06-04T21:35:21.192802
r663,s2,c411,1,Disappointed.,2025-11-16T21:35:21.192802
r664,s12,c362,3,Not bad.,2025-07-22T21:35:21.192802
r665,s8,c165,3,Not bad.,2025-07-28T21:35:21.192802
r666,s15,c433,4,Great service.,2025-07-31T21:35:21.192802
r667,s1,c433,1,Terrible service.,2025-07-31T21:35:21.192802
r668,s13,c433,1,Disappointed.,2025-07-31T21:35:21.192802
r669,s13,c198,3,It was okay.,2025-10-22T21:35:21.192802
r670,s15,c271,3,Not bad.,2025-06-12T21:35:21.192802
r671,s5,c24,3,Average experience.,2025-08-12T21:35:21.192802
r672,s1,c142,1,Terrible service.,2025-06-18T21:35:21.192802
r673,s14,c227,1,Disappointed.,2025-10-10T21:35:21.192802
r674,s20,c422,1,Quality is poor.,2025-09-23T21:35:21.192802
r675,s19,c401,4,Loved it!,2025-07-19T21:35:21.192802
r676,s1,c401,1,Too expensive.,2025-07-19T21:35:21.192802
r677,s11,c448,2,Quality is poor.,2025-09-05T21:35:21.192802
r678,s12,c448,4,Great service.,2025-09-05T21:35:21.192802
r679,s14,c103,5,Great service.,2025-08-12T21:35:21.192802
r680,s12,c423,3,Average experience.,2025-07-14T21:35:21.192802
r681,s1,c95,5,Best purchase ever!,2025-10-16T21:35:21.192802
r682,s2,c95,3,It was okay.,2025-10-16T21:35:21.192802
r683,s5,c187,2,Disappointed.,2025-11-19T21:35:21.192802
r684,s11,c392,1,Too expensive.,2025-10-27T21:35:21.192802
r685,s9,c347,4,Best purchase ever!,2025-09-19T21:35:21.192802
r686,s12,c107,2,Never coming back.,2025-09-10T21:35:21.192802
r687,s10,c427,4,Loved it!,2025-09-10T21:35:21.192802
r688,s18,c285,4,Great service.,2025-06-12T21:35:21.192802
r689,s8,c60,4,Amazing quality.,2025-11-27T21:35:21.192802
r690,s13,c304,1,Never coming back.,2025-09-04T21:35:21.192802
r691,s5,c304,3,Not bad.,2025-09-04T21:35:21.192802
r692,s6,c342,3,Not bad.,2025-08-15T21:35:21.192802
r693,s11,c342,1,Quality is poor.,2025-08-15T21:35:21.192802
r694,s11,c171,3,Decent but pricey.,2025-08-25T21:35:21.192802
r695,s2,c171,3,Average experience.,2025-08-25T21:35:21.192802
r696,s11,c194,4,Best purchase ever!,2025-09-29T21:35:21.192802
r697,s6,c194,4,Loved it!,2025-09-29T21:35:21.192802
r698,s8,c240,4,Loved it!,2025-09-11T21:35:21.192802
r699,s9,c240,2,Quality is poor.,2025-09-11T21:35:21.192802
r700,s9,c400,1,Terrible service.,2025-06-16T21:35:21.192802
r701,s13,c84,2,Too expensive.,2025-10-13T21:35:21.192802
r702,s2,c182,5,Will come again.,2025-06-03T21:35:21.192802
r703,s19,c376,3,It was okay.,2025-07-11T21:35:21.192802
r704,s11,c206,1,Quality is poor.,2025-06-04T21:35:21.192802
r705,s17,c206,4,Will come again.,2025-06-04T21:35:21.192802
r706,s2,c192,2,Quality is poor.,2025-08-22T21:35:21.192802
r707,s10,c290,4,Loved it!,2025-09-17T21:35:21.192802
r708,s5,c467,4,Amazing quality.,2025-08-12T21:35:21.192802
r709,s18,c428,2,Disappointed.,2025-10-15T21:35:21.192802
r710,s10,c291,1,Disappointed.,2025-08-20T21:35:21.192802
r711,s13,c29,3,Average experience.,2025-10-31T21:35:21.192802
r712,s1,c29,4,Great service.,2025-10-31T21:35:21.192802
r713,s12,c120,5,Amazing quality.,2025-10-06T21:35:21.192802
r714,s5,c120,3,Average experience.,2025-10-06T21:35:21.192802
r715,s20,c93,5,Amazing quality.,2025-06-06T21:35:21.192802
r716,s10,c225,3,It was okay.,2025-10-22T21:35:21.192802
r717,s6,c165,5,Best purchase ever!,2025-11-18T21:35:21.192802
r718,s8,c165,1,Quality is poor.,2025-11-18T21:35:21.192802
r719,s13,c332,3,Average experience.,2025-07-09T21:35:21.192802
r720,s10,c140,3,Average experience.,2025-07-09T21:35:21.192802
r721,s10,c130,4,Best purchase ever!,2025-07-10T21:35:21.192802
r722,s7,c253,2,Quality is poor.,2025-08-04T21:35:21.192802
r723,s13,c178,1,Terrible service.,2025-07-03T21:35:21.192802
r724,s12,c178,5,Amazing quality.,2025-07-03T21:35:21.192802
r725,s1,c372,5,Will come again.,2025-10-30T21:35:21.192802
r726,s12,c372,1,Disappointed.,2025-10-30T21:35:21.192802
r727,s6,c11,1,Quality is poor.,2025-06-22T21:35:21.192802
r728,s20,c11,5,Loved it!,2025-06-22T21:35:21.192802
r729,s5,c11,1,Never coming back.,2025-06-22T21:35:21.192802
r730,s20,c454,3,It was okay.,2025-07-05T21:35:21.192802
r731,s14,c101,3,Average experience.,2025-06-19T21:35:21.192802
r732,s17,c461,3,Decent but pricey.,2025-09-15T21:35:21.192802
r733,s11,c380,2,Quality is poor.,2025-09-24T21:35:21.192802
r734,s9,c311,3,Not bad.,2025-07-01T21:35:21.192802
r735,s10,c93,3,Not bad.,2025-10-03T21:35:21.192802
r736,s11,c293,3,Average experience.,2025-09-30T21:35:21.192802
r737,s9,c259,3,It was okay.,2025-07-15T21:35:21.192802
r738,s11,c216,1,Terrible service.,2025-10-24T21:35:21.192802
r739,s12,c16,5,Will come again.,2025-10-21T21:35:21.192802
r740,s9,c46,4,Great service.,2025-08-25T21:35:21.192802
r741,s6,c491,4,Loved it!,2025-11-13T21:35:21.192802
r742,s11,c330,2,Terrible service.,2025-08-13T21:35:21.192802
r743,s17,c377,1,Terrible service.,2025-06-23T21:35:21.192802
r744,s10,c173,4,Great service.,2025-09-15T21:35:21.192802
r745,s14,c173,5,Amazing quality.,2025-09-15T21:35:21.192802
r746,s6,c76,5,Will come again.,2025-11-12T21:35:21.192802
r747,s5,c274,4,Loved it!,2025-06-04T21:35:21.192802
r748,s15,c298,3,Not bad.,2025-10-08T21:35:21.192802
r749,s12,c181,4,Amazing quality.,2025-09-01T21:35:21.192802
r750,s12,c67,5,Best purchase ever!,2025-06-05T21:35:21.192802
r751,s13,c243,2,Quality is poor.,2025-08-11T21:35:21.192802
r752,s3,c291,1,Terrible service.,2025-09-09T21:35:21.192802
r753,s20,c77,3,Average experience.,2025-10-10T21:35:21.192802
r754,s10,c484,3,Not bad.,2025-11-24T21:35:21.192802
r755,s8,c482,3,Not bad.,2025-09-06T21:35:21.192802
r756,s20,c114,5,Loved it!,2025-09-17T21:35:21.192802
r757,s5,c43,5,Amazing quality.,2025-09-12T21:35:21.192802
r758,s14,c397,1,Too expensive.,2025-11-09T21:35:21.192802
r759,s2,c465,5,Great service.,2025-08-28T21:35:21.192802
r760,s19,c158,1,Too expensive.,2025-10-28T21:35:21.192802
r761,s2,c394,4,Great service.,2025-07-11T21:35:21.192802
r762,s12,c381,1,Quality is poor.,2025-08-03T21:35:21.192802
r763,s9,c272,1,Quality is poor.,2025-09-01T21:35:21.192802
r764,s2,c302,1,Never coming back.,2025-11-13T21:35:21.192802
r765,s14,c17,4,Amazing quality.,2025-08-05T21:35:21.192802
r766,s1,c17,3,Decent but pricey.,2025-08-05T21:35:21.192802
r767,s1,c167,5,Loved it!,2025-10-15T21:35:21.192802
r768,s19,c167,2,Disappointed.,2025-10-15T21:35:21.192802
r769,s2,c236,5,Amazing quality.,2025-08-24T21:35:21.192802
r770,s9,c416,3,Average experience.,2025-07-11T21:35:21.192802
r771,s3,c43,3,Average experience.,2025-08-07T21:35:21.192802
r772,s10,c471,3,Not bad.,2025-10-20T21:35:21.192802
r773,s14,c227,4,Amazing quality.,2025-08-25T21:35:21.192802
r774,s14,c223,1,Quality is poor.,2025-06-24T21:35:21.192802
r775,s2,c484,2,Disappointed.,2025-08-07T21:35:21.192802
r776,s5,c35,3,It was okay.,2025-06-21T21:35:21.192802
r777,s11,c107,2,Too expensive.,2025-11-14T21:35:21.192802
r778,s9,c107,1,Never coming back.,2025-11-14T21:35:21.192802
r779,s9,c385,4,Best purchase ever!,2025-08-14T21:35:21.192802
r780,s3,c476,4,Loved it!,2025-11-26T21:35:21.192802
r781,s6,c328,2,Terrible service.,2025-07-25T21:35:21.192802
r782,s7,c328,2,Never coming back.,2025-07-25T21:35:21.192802
r783,s2,c41,3,Decent but pricey.,2025-08-12T21:35:21.192802
r784,s20,c41,4,Great service.,2025-08-12T21:35:21.192802
r785,s20,c454,5,Will come again.,2025-07-23T21:35:21.192802
r786,s13,c388,4,Great service.,2025-06-19T21:35:21.192802
r787,s13,c150,1,Never coming back.,2025-06-19T21:35:21.192802
r788,s9,c150,4,Amazing quality.,2025-06-19T21:35:21.192802
r789,s9,c178,2,Too expensive.,2025-09-27T21:35:21.192802
r790,s14,c449,3,Not bad.,2025-06-05T21:35:21.192802
r791,s2,c294,1,Too expensive.,2025-06-06T21:35:21.192802
r792,s2,c159,2,Terrible service.,2025-11-26T21:35:21.192802
r793,s10,c159,4,Will come again.,2025-11-26T21:35:21.192802
r794,s1,c227,2,Disappointed.,2025-10-13T21:35:21.192802
r795,s2,c344,1,Terrible service.,2025-11-14T21:35:21.192802
r796,s14,c344,1,Terrible service.,2025-11-14T21:35:21.192802
r797,s10,c374,4,Best purchase ever!,2025-10-30T21:35:21.192802
r798,s13,c374,4,Amazing quality.,2025-10-30T21:35:21.192802
r799,s5,c417,3,Average experience.,2025-11-16T21:35:21.192802
r800,s2,c458,4,Great service.,2025-06-10T21:35:21.192802
r801,s5,c59,2,Never coming back.,2025-09-16T21:35:21.192802
r802,s19,c92,5,Amazing quality.,2025-09-29T21:35:21.192802
r803,s2,c92,5,Amazing quality.,2025-09-29T21:35:21.192802
r804,s19,c106,2,Never coming back.,2025-09-03T21:35:21.192802
r805,s2,c374,4,Loved it!,2025-06-07T21:35:21.192802
r806,s10,c197,5,Best purchase ever!,2025-11-27T21:35:21.192802
r807,s6,c373,3,Average experience.,2025-09-24T21:35:21.192802
r808,s1,c133,3,It was okay.,2025-07-01T21:35:21.192802
r809,s2,c479,4,Loved it!,2025-07-14T21:35:21.192802
r810,s2,c2,1,Terrible service.,2025-06-02T21:35:21.192802
r811,s9,c267,3,Average experience.,2025-10-29T21:35:21.192802
r812,s12,c313,3,Not bad.,2025-09-12T21:35:21.192802
r813,s18,c40,3,Average experience.,2025-08-05T21:35:21.192802
r814,s1,c362,2,Disappointed.,2025-07-31T21:35:21.192802
r815,s1,c22,1,Terrible service.,2025-10-16T21:35:21.192802
r816,s14,c192,5,Will come again.,2025-11-10T21:35:21.192802
r817,s9,c110,1,Too expensive.,2025-08-27T21:35:21.192802
r818,s2,c428,5,Amazing quality.,2025-08-08T21:35:21.192802
r819,s1,c63,2,Too expensive.,2025-11-19T21:35:21.192802
r820,s14,c292,4,Loved it!,2025-07-25T21:35:21.192802
r821,s20,c400,5,Amazing quality.,2025-11-28T21:35:21.192802
r822,s5,c64,2,Too expensive.,2025-09-02T21:35:21.192802
r823,s2,c205,4,Loved it!,2025-10-06T21:35:21.192802
r824,s10,c43,1,Disappointed.,2025-09-12T21:35:21.192802
r825,s12,c262,4,Amazing quality.,2025-11-26T21:35:21.192802
r826,s11,c14,5,Loved it!,2025-10-23T21:35:21.192802
r827,s5,c352,5,Great service.,2025-07-08T21:35:21.192802
r828,s13,c352,2,Terrible service.,2025-07-08T21:35:21.192802
r829,s11,c48,1,Disappointed.,2025-09-25T21:35:21.192802
r830,s2,c90,4,Great service.,2025-09-16T21:35:21.192802
r831,s6,c318,3,It was okay.,2025-07-17T21:35:21.192802
r832,s5,c61,5,Will come again.,2025-07-14T21:35:21.192802
r833,s12,c61,3,It was okay.,2025-07-14T21:35:21.192802
r834,s14,c245,4,Amazing quality.,2025-07-03T21:35:21.192802
r835,s1,c281,4,Will come again.,2025-06-04T21:35:21.192802
r836,s3,c223,2,Disappointed.,2025-11-13T21:35:21.192802
r837,s19,c484,2,Terrible service.,2025-07-04T21:35:21.192802
r838,s12,c304,2,Never coming back.,2025-07-27T21:35:21.192802
r839,s18,c216,5,Best purchase ever!,2025-10-24T21:35:21.192802
r840,s20,c437,1,Too expensive.,2025-07-28T21:35:21.192802
r841,s17,c319,5,Amazing quality.,2025-11-19T21:35:21.192802
r842,s2,c323,2,Terrible service.,2025-06-05T21:35:21.192802
r843,s19,c98,2,Too expensive.,2025-08-11T21:35:21.192802
r844,s5,c417,3,Average experience.,2025-08-28T21:35:21.192802
r845,s19,c182,2,Too expensive.,2025-06-20T21:35:21.192802
r846,s9,c112,3,It was okay.,2025-09-22T21:35:21.192802
r847,s6,c217,5,Will come again.,2025-06-10T21:35:21.192802
r848,s8,c160,5,Best purchase ever!,2025-07-21T21:35:21.192802
r849,s12,c160,5,Will come again.,2025-07-21T21:35:21.192802
r850,s9,c235,4,Will come again.,2025-06-12T21:35:21.192802
r851,s8,c91,5,Will come again.,2025-09-30T21:35:21.192802
r852,s10,c222,2,Never coming back.,2025-10-20T21:35:21.192802
r853,s13,c27,1,Disappointed.,2025-08-08T21:35:21.192802
r854,s15,c55,3,Not bad.,2025-11-24T21:35:21.192802
r855,s5,c196,1,Disappointed.,2025-11-18T21:35:21.192802
r856,s20,c196,5,Loved it!,2025-11-18T21:35:21.192802
r857,s8,c440,4,Best purchase ever!,2025-07-22T21:35:21.192802
r858,s13,c220,4,Amazing quality.,2025-11-14T21:35:21.192802
r859,s13,c128,5,Amazing quality.,2025-10-06T21:35:21.192802
r860,s5,c422,3,Not bad.,2025-10-22T21:35:21.192802
r861,s14,c39,2,Too expensive.,2025-10-22T21:35:21.192802
r862,s12,c22,1,Too expensive.,2025-06-13T21:35:21.192802
r863,s11,c22,2,Disappointed.,2025-06-13T21:35:21.192802
r864,s11,c264,5,Will come again.,2025-11-24T21:35:21.192802
r865,s10,c264,5,Great service.,2025-11-24T21:35:21.192802
r866,s11,c380,2,Quality is poor.,2025-08-19T21:35:21.192802
r867,s2,c255,1,Never coming back.,2025-07-07T21:35:21.192802
r868,s13,c255,3,Average experience.,2025-07-07T21:35:21.192802
r869,s19,c113,5,Loved it!,2025-08-27T21:35:21.192802
r870,s12,c234,4,Great service.,2025-09-01T21:35:21.192802
r871,s19,c9,1,Too expensive.,2025-07-07T21:35:21.192802
r872,s12,c498,3,Decent but pricey.,2025-10-06T21:35:21.192802
r873,s10,c498,1,Never coming back.,2025-10-06T21:35:21.192802
r874,s2,c455,3,Decent but pricey.,2025-09-29T21:35:21.192802
r875,s9,c455,4,Will come again.,2025-09-29T21:35:21.192802
r876,s12,c78,5,Best purchase ever!,2025-09-23T21:35:21.192802
r877,s14,c246,3,It was okay.,2025-08-30T21:35:21.192802
r878,s15,c246,1,Disappointed.,2025-08-30T21:35:21.192802
r879,s9,c309,4,Will come again.,2025-10-12T21:35:21.192802
r880,s7,c305,5,Amazing quality.,2025-07-09T21:35:21.192802
r881,s20,c341,2,Terrible service.,2025-10-20T21:35:21.192802
r882,s10,c409,3,Not bad.,2025-08-20T21:35:21.192802
r883,s11,c409,3,Decent but pricey.,2025-08-20T21:35:21.192802
r884,s6,c156,4,Loved it!,2025-09-12T21:35:21.192802
r885,s1,c25,5,Loved it!,2025-09-26T21:35:21.192802
r886,s17,c148,3,Average experience.,2025-11-08T21:35:21.192802
r887,s12,c51,5,Great service.,2025-10-29T21:35:21.192802
r888,s5,c51,2,Never coming back.,2025-10-29T21:35:21.192802
r889,s12,c214,2,Quality is poor.,2025-11-12T21:35:21.192802
r890,s14,c134,4,Will come again.,2025-09-10T21:35:21.192802
r891,s1,c15,1,Too expensive.,2025-09-10T21:35:21.192802
r892,s9,c15,3,Average experience.,2025-09-10T21:35:21.192802
r893,s3,c174,5,Will come again.,2025-11-27T21:35:21.192802
r894,s2,c34,2,Never coming back.,2025-07-18T21:35:21.192802
r895,s16,c415,2,Quality is poor.,2025-06-30T21:35:21.192802
r896,s20,c228,3,Average experience.,2025-09-10T21:35:21.192802
r897,s5,c351,3,Decent but pricey.,2025-06-22T21:35:21.192802
r898,s1,c94,1,Quality is poor.,2025-08-01T21:35:21.192802
r899,s8,c244,1,Disappointed.,2025-09-26T21:35:21.192802
r900,s10,c323,2,Never coming back.,2025-06-11T21:35:21.192802
r901,s9,c263,3,It was okay.,2025-08-01T21:35:21.192802
r902,s10,c211,1,Quality is poor.,2025-10-06T21:35:21.192802
r903,s5,c271,1,Quality is poor.,2025-06-16T21:35:21.192802
r904,s14,c271,3,Average experience.,2025-06-16T21:35:21.192802
r905,s13,c287,5,Loved it!,2025-08-19T21:35:21.192802
r906,s5,c358,2,Never coming back.,2025-07-04T21:35:21.192802
r907,s9,c125,4,Loved it!,2025-10-24T21:35:21.192802
r908,s5,c446,4,Loved it!,2025-11-19T21:35:21.192802
r909,s12,c124,5,Amazing quality.,2025-09-25T21:35:21.192802
r910,s5,c397,4,Amazing quality.,2025-10-19T21:35:21.192802
r911,s11,c500,2,Disappointed.,2025-08-25T21:35:21.192802
r912,s14,c63,5,Will come again.,2025-11-12T21:35:21.192802
r913,s12,c63,4,Will come again.,2025-11-12T21:35:21.192802
r914,s1,c183,5,Will come again.,2025-11-09T21:35:21.192802
r915,s5,c493,3,Average experience.,2025-08-28T21:35:21.192802
r916,s6,c143,2,Terrible service.,2025-08-20T21:35:21.192802
r917,s5,c429,1,Quality is poor.,2025-08-14T21:35:21.192802
r918,s16,c429,3,Decent but pricey.,2025-08-14T21:35:21.192802
r919,s17,c481,4,Will come again.,2025-09-02T21:35:21.192802
r920,s12,c165,5,Amazing quality.,2025-06-02T21:35:21.192802
r921,s12,c144,2,Never coming back.,2025-07-25T21:35:21.192802
r922,s7,c285,5,Will come again.,2025-10-25T21:35:21.192802
r923,s10,c323,2,Disappointed.,2025-08-04T21:35:21.192802
r924,s9,c178,1,Terrible service.,2025-08-21T21:35:21.192802
r925,s18,c236,1,Terrible service.,2025-11-13T21:35:21.192802
r926,s2,c395,5,Best purchase ever!,2025-07-29T21:35:21.192802
r927,s5,c363,5,Will come again.,2025-07-21T21:35:21.192802
r928,s10,c260,2,Quality is poor.,2025-08-25T21:35:21.192802
r929,s10,c251,2,Disappointed.,2025-09-17T21:35:21.192802
r930,s2,c358,3,It was okay.,2025-10-09T21:35:21.192802
r931,s10,c358,3,Average experience.,2025-10-09T21:35:21.192802
r932,s10,c133,2,Terrible service.,2025-08-01T21:35:21.192802
r933,s2,c366,2,Disappointed.,2025-11-24T21:35:21.192802
r934,s1,c246,5,Amazing quality.,2025-07-24T21:35:21.192802
r935,s14,c18,5,Best purchase ever!,2025-10-28T21:35:21.192802
r936,s9,c18,3,Decent but pricey.,2025-10-28T21:35:21.192802
r937,s17,c241,5,Loved it!,2025-10-31T21:35:21.192802
r938,s11,c120,3,It was okay.,2025-07-04T21:35:21.192802
r939,s19,c211,4,Best purchase ever!,2025-07-16T21:35:21.192802
r940,s6,c182,3,It was okay.,2025-10-22T21:35:21.192802
r941,s2,c143,3,It was okay.,2025-10-24T21:35:21.192802
r942,s11,c90,2,Disappointed.,2025-10-15T21:35:21.192802
r943,s12,c90,5,Great service.,2025-10-15T21:35:21.192802
r944,s3,c331,2,Terrible service.,2025-10-12T21:35:21.192802
r945,s18,c331,4,Best purchase ever!,2025-10-12T21:35:21.192802
r946,s7,c158,1,Never coming back.,2025-09-15T21:35:21.192802
r947,s10,c158,4,Amazing quality.,2025-09-15T21:35:21.192802
r948,s20,c158,4,Best purchase ever!,2025-09-15T21:35:21.192802
r949,s10,c376,3,Not bad.,2025-06-03T21:35:21.192802
r950,s16,c283,1,Terrible service.,2025-10-20T21:35:21.192802
r951,s7,c283,5,Will come again.,2025-10-20T21:35:21.192802
r952,s11,c460,5,Amazing quality.,2025-10-17T21:35:21.192802
r953,s9,c460,2,Disappointed.,2025-10-17T21:35:21.192802
r954,s3,c441,1,Disappointed.,2025-10-22T21:35:21.192802
r955,s14,c63,3,Not bad.,2025-07-31T21:35:21.192802
r956,s9,c194,2,Quality is poor.,2025-11-28T21:35:21.192802
r957,s14,c22,5,Will come again.,2025-11-14T21:35:21.192802
r958,s2,c22,5,Amazing quality.,2025-11-14T21:35:21.192802
r959,s11,c245,2,Terrible service.,2025-11-24T21:35:21.192802
r960,s14,c245,1,Too expensive.,2025-11-24T21:35:21.192802
r961,s12,c412,1,Too expensive.,2025-10-15T21:35:21.192802
r962,s10,c14,4,Great service.,2025-07-11T21:35:21.192802
r963,s12,c14,2,Terrible service.,2025-07-11T21:35:21.192802
r964,s2,c464,3,Decent but pricey.,2025-07-21T21:35:21.192802
r965,s17,c5,4,Loved it!,2025-07-09T21:35:21.192802
r966,s9,c339,4,Amazing quality.,2025-10-06T21:35:21.192802
r967,s5,c339,1,Too expensive.,2025-10-06T21:35:21.192802
r968,s14,c407,4,Will come again.,2025-07-17T21:35:21.192802
r969,s12,c407,2,Disappointed.,2025-07-17T21:35:21.192802
r970,s17,c370,3,It was okay.,2025-10-20T21:35:21.192802
r971,s2,c258,3,Average experience.,2025-07-02T21:35:21.192802
r972,s2,c435,5,Best purchase ever!,2025-06-09T21:35:21.192802
r973,s9,c408,1,Terrible service.,2025-10-15T21:35:21.192802
r974,s8,c379,3,Not bad.,2025-07-22T21:35:21.192802
r975,s6,c379,1,Quality is poor.,2025-07-22T21:35:21.192802
r976,s17,c6,2,Too expensive.,2025-06-19T21:35:21.192802
r977,s7,c6,3,Decent but pricey.,2025-06-19T21:35:21.192802
r978,s12,c498,4,Great service.,2025-07-27T21:35:21.192802
r979,s19,c140,1,Quality is poor.,2025-07-08T21:35:21.192802
r980,s10,c41,5,Will come again.,2025-07-15T21:35:21.192802
r981,s11,c207,5,Best purchase ever!,2025-06-30T21:35:21.192802
r982,s20,c279,3,Not bad.,2025-10-08T21:35:21.192802
r983,s18,c279,4,Loved it!,2025-10-08T21:35:21.192802
r984,s19,c279,4,Great service.,2025-10-08T21:35:21.192802
r985,s10,c427,2,Too expensive.,2025-10-03T21:35:21.192802
r986,s11,c113,2,Too expensive.,2025-11-17T21:35:21.192802
r987,s15,c245,2,Terrible service.,2025-09-11T21:35:21.192802
r988,s19,c454,4,Amazing quality.,2025-07-24T21:35:21.192802
r989,s14,c134,4,Best purchase ever!,2025-06-19T21:35:21.192802
r990,s9,c22,4,Great service.,2025-11-15T21:35:21.192802
r991,s16,c72,5,Great service.,2025-07-25T21:35:21.192802
r992,s1,c133,3,Not bad.,2025-08-07T21:35:21.192802
r993,s19,c421,3,Not bad.,2025-06-02T21:35:21.192802
r994,s5,c268,4,Will come again.,2025-11-04T21:35:21.192802
r995,s17,c41,2,Too expensive.,2025-10-20T21:35:21.192802
r996,s20,c144,1,Too expensive.,2025-06-19T21:35:21.192802
r997,s18,c144,5,Loved it!,2025-06-19T21:35:21.192802
r998,s10,c144,3,Decent but pricey.,2025-06-19T21:35:21.192802
r999,s11,c87,4,Loved it!,2025-10-17T21:35:21.192802
r1000,s13,c87,2,Too expensive.,2025-10-17T21:35:21.192802
r1001,s9,c87,1,Quality is poor.,2025-10-17T21:35:21.192802
r1002,s5,c411,3,Average experience.,2025-06-23T21:35:21.192802
r1003,s10,c411,2,Disappointed.,2025-06-23T21:35:21.192802
r1004,s1,c58,5,Great service.,2025-07-30T21:35:21.192802
r1005,s11,c5,3,Not bad.,2025-08-19T21:35:21.192802
r1006,s2,c52,1,Disappointed.,2025-10-07T21:35:21.192802
r1007,s9,c336,2,Terrible service.,2025-11-28T21:35:21.192802
r1008,s2,c492,4,Best purchase ever!,2025-11-24T21:35:21.192802
r1009,s1,c492,2,Quality is poor.,2025-11-24T21:35:21.192802
r1010,s12,c492,3,Average experience.,2025-11-24T21:35:21.192802
r1011,s2,c17,3,Average experience.,2025-06-03T21:35:21.192802
r1012,s9,c172,2,Terrible service.,2025-11-05T21:35:21.192802
r1013,s11,c449,4,Great service.,2025-10-04T21:35:21.192802
r1014,s13,c193,2,Disappointed.,2025-09-15T21:35:21.192802
r1015,s2,c367,4,Great service.,2025-09-27T21:35:21.192802
r1016,s12,c329,4,Loved it!,2025-10-06T21:35:21.192802
r1017,s11,c329,1,Never coming back.,2025-10-06T21:35:21.192802
r1018,s7,c366,1,Too expensive.,2025-09-05T21:35:21.192802
r1019,s12,c91,3,It was okay.,2025-08-08T21:35:21.192802
r1020,s11,c91,3,Average experience.,2025-08-08T21:35:21.192802
r1021,s16,c233,4,Amazing quality.,2025-06-30T21:35:21.192802
r1022,s9,c233,4,Best purchase ever!,2025-06-30T21:35:21.192802
r1023,s13,c73,2,Terrible service.,2025-08-12T21:35:21.192802
r1024,s14,c73,3,Not bad.,2025-08-12T21:35:21.192802
r1025,s12,c277,4,Best purchase ever!,2025-06-19T21:35:21.192802
r1026,s12,c115,3,Decent but pricey.,2025-09-14T21:35:21.192802
r1027,s11,c448,1,Too expensive.,2025-06-09T21:35:21.192802
r1028,s9,c3,2,Never coming back.,2025-06-26T21:35:21.192802
r1029,s1,c80,5,Great service.,2025-11-18T21:35:21.192802
r1030,s10,c130,2,Too expensive.,2025-11-19T21:35:21.192802
r1031,s18,c212,4,Will come again.,2025-08-18T21:35:21.192802
r1032,s3,c212,3,Decent but pricey.,2025-08-18T21:35:21.192802
r1033,s2,c314,5,Loved it!,2025-08-13T21:35:21.192802
r1034,s12,c407,5,Will come again.,2025-09-09T21:35:21.192802
r1035,s5,c407,2,Terrible service.,2025-09-09T21:35:21.192802
r1036,s5,c419,4,Amazing quality.,2025-10-17T21:35:21.192802
r1037,s18,c77,5,Great service.,2025-08-28T21:35:21.192802
r1038,s10,c77,3,Not bad.,2025-08-28T21:35:21.192802
r1039,s19,c108,1,Never coming back.,2025-09-12T21:35:21.192802
r1040,s2,c216,2,Quality is poor.,2025-09-08T21:35:21.192802
r1041,s1,c112,3,Not bad.,2025-08-02T21:35:21.192802
r1042,s11,c112,4,Loved it!,2025-08-02T21:35:21.192802
r1043,s7,c179,3,Decent but pricey.,2025-10-11T21:35:21.192802
r1044,s19,c179,5,Loved it!,2025-10-11T21:35:21.192802
r1045,s20,c445,2,Quality is poor.,2025-06-27T21:35:21.192802
r1046,s15,c352,2,Quality is poor.,2025-06-06T21:35:21.192802
r1047,s17,c236,2,Quality is poor.,2025-07-30T21:35:21.192802
r1048,s10,c301,5,Amazing quality.,2025-06-10T21:35:21.192802
r1049,s10,c427,2,Disappointed.,2025-10-24T21:35:21.192802
r1050,s1,c240,1,Too expensive.,2025-10-27T21:35:21.192802
r1051,s2,c240,2,Disappointed.,2025-10-27T21:35:21.192802
r1052,s15,c479,5,Best purchase ever!,2025-09-02T21:35:21.192802
r1053,s10,c423,1,Terrible service.,2025-11-19T21:35:21.192802
r1054,s9,c423,4,Great service.,2025-11-19T21:35:21.192802
r1055,s10,c359,4,Great service.,2025-07-15T21:35:21.192802
r1056,s2,c3,5,Great service.,2025-07-07T21:35:21.192802
r1057,s7,c465,3,Average experience.,2025-10-29T21:35:21.192802
r1058,s10,c465,1,Disappointed.,2025-10-29T21:35:21.192802
r1059,s19,c256,4,Amazing quality.,2025-08-16T21:35:21.192802
r1060,s10,c324,1,Never coming back.,2025-11-20T21:35:21.192802
r1061,s1,c198,2,Terrible service.,2025-09-02T21:35:21.192802
r1062,s20,c474,1,Disappointed.,2025-10-28T21:35:21.192802
r1063,s13,c243,1,Quality is poor.,2025-07-11T21:35:21.192802
r1064,s10,c404,1,Never coming back.,2025-11-13T21:35:21.192802
r1065,s13,c16,5,Amazing quality.,2025-11-07T21:35:21.192802
r1066,s5,c245,2,Terrible service.,2025-06-06T21:35:21.192802
r1067,s3,c374,2,Quality is poor.,2025-06-27T21:35:21.192802
r1068,s2,c114,4,Great service.,2025-07-03T21:35:21.192802
r1069,s1,c238,4,Great service.,2025-07-08T21:35:21.192802
r1070,s11,c238,2,Too expensive.,2025-07-08T21:35:21.192802
r1071,s9,c47,2,Disappointed.,2025-09-08T21:35:21.192802
r1072,s5,c47,1,Terrible service.,2025-09-08T21:35:21.192802
r1073,s6,c202,5,Great service.,2025-07-18T21:35:21.192802
r1074,s12,c390,3,Not bad.,2025-09-29T21:35:21.192802
r1075,s2,c335,2,Too expensive.,2025-06-17T21:35:21.192802
r1076,s13,c357,3,It was okay.,2025-10-04T21:35:21.192802
r1077,s15,c447,3,It was okay.,2025-07-13T21:35:21.192802
r1078,s16,c184,1,Never coming back.,2025-11-12T21:35:21.192802
r1079,s18,c184,4,Amazing quality.,2025-11-12T21:35:21.192802
r1080,s2,c499,3,Not bad.,2025-09-23T21:35:21.192802
r1081,s5,c52,1,Quality is poor.,2025-09-08T21:35:21.192802
r1082,s14,c470,3,Decent but pricey.,2025-09-03T21:35:21.192802
r1083,s1,c449,2,Too expensive.,2025-09-23T21:35:21.192802
r1084,s19,c7,2,Disappointed.,2025-08-31T21:35:21.192802
r1085,s13,c294,1,Never coming back.,2025-10-07T21:35:21.192802
r1086,s2,c207,2,Disappointed.,2025-08-19T21:35:21.192802
r1087,s10,c424,4,Great service.,2025-10-30T21:35:21.192802
r1088,s18,c167,1,Disappointed.,2025-10-09T21:35:21.192802
r1089,s20,c76,4,Great service.,2025-06-05T21:35:21.192802
r1090,s19,c94,1,Disappointed.,2025-09-30T21:35:21.192802
r1091,s2,c380,2,Terrible service.,2025-08-19T21:35:21.192802
r1092,s11,c157,3,Average experience.,2025-08-03T21:35:21.192802
r1093,s20,c181,2,Never coming back.,2025-09-25T21:35:21.192802
r1094,s2,c408,1,Quality is poor.,2025-08-01T21:35:21.192802
r1095,s9,c238,2,Too expensive.,2025-07-31T21:35:21.192802
r1096,s19,c413,5,Loved it!,2025-08-26T21:35:21.192802
r1097,s5,c330,2,Never coming back.,2025-09-29T21:35:21.192802
r1098,s9,c330,2,Too expensive.,2025-09-29T21:35:21.192802
r1099,s1,c431,4,Amazing quality.,2025-06-19T21:35:21.192802
r1100,s5,c295,2,Terrible service.,2025-11-03T21:35:21.192802
r1101,s7,c495,2,Too expensive.,2025-11-26T21:35:21.192802
r1102,s8,c307,3,It was okay.,2025-07-11T21:35:21.192802
r1103,s12,c307,4,Amazing quality.,2025-07-11T21:35:21.192802
r1104,s13,c295,1,Disappointed.,2025-10-28T21:35:21.192802
r1105,s9,c293,5,Loved it!,2025-07-18T21:35:21.192802
r1106,s6,c452,5,Amazing quality.,2025-09-08T21:35:21.192802
r1107,s10,c259,3,Average experience.,2025-07-29T21:35:21.192802
r1108,s12,c333,5,Loved it!,2025-11-24T21:35:21.192802
r1109,s14,c435,4,Amazing quality.,2025-09-12T21:35:21.192802
r1110,s1,c433,1,Terrible service.,2025-10-17T21:35:21.192802
r1111,s20,c320,2,Too expensive.,2025-10-14T21:35:21.192802
r1112,s11,c320,2,Too expensive.,2025-10-14T21:35:21.192802
r1113,s14,c129,5,Amazing quality.,2025-07-13T21:35:21.192802
r1114,s10,c129,4,Best purchase ever!,2025-07-13T21:35:21.192802
r1115,s1,c487,1,Never coming back.,2025-11-07T21:35:21.192802
r1116,s7,c210,5,Best purchase ever!,2025-08-05T21:35:21.192802
r1117,s19,c94,3,Not bad.,2025-08-25T21:35:21.192802
r1118,s3,c128,5,Best purchase ever!,2025-08-26T21:35:21.192802
r1119,s12,c128,3,Average experience.,2025-08-26T21:35:21.192802
r1120,s3,c331,4,Great service.,2025-09-03T21:35:21.192802
r1121,s3,c337,5,Best purchase ever!,2025-11-27T21:35:21.192802
r1122,s8,c51,1,Never coming back.,2025-07-05T21:35:21.192802
r1123,s2,c158,5,Loved it!,2025-10-20T21:35:21.192802
r1124,s10,c117,1,Disappointed.,2025-10-08T21:35:21.192802
r1125,s9,c358,5,Great service.,2025-09-05T21:35:21.192802
r1126,s2,c126,5,Great service.,2025-10-26T21:35:21.192802
r1127,s18,c72,1,Terrible service.,2025-11-24T21:35:21.192802
r1128,s2,c136,3,Decent but pricey.,2025-07-15T21:35:21.192802
r1129,s20,c325,3,Average experience.,2025-08-27T21:35:21.192802
r1130,s20,c486,3,Decent but pricey.,2025-06-06T21:35:21.192802
r1131,s14,c411,1,Terrible service.,2025-06-13T21:35:21.192802
r1132,s2,c411,5,Amazing quality.,2025-06-13T21:35:21.192802
r1133,s2,c147,5,Will come again.,2025-10-21T21:35:21.192802
r1134,s12,c346,2,Terrible service.,2025-10-03T21:35:21.192802
r1135,s13,c298,4,Great service.,2025-08-28T21:35:21.192802
r1136,s19,c382,5,Will come again.,2025-11-12T21:35:21.192802
r1137,s12,c382,5,Loved it!,2025-11-12T21:35:21.192802
r1138,s9,c388,1,Terrible service.,2025-11-20T21:35:21.192802
r1139,s13,c438,5,Best purchase ever!,2025-11-08T21:35:21.192802
r1140,s14,c90,1,Terrible service.,2025-10-31T21:35:21.192802
r1141,s7,c184,1,Too expensive.,2025-11-17T21:35:21.192802
r1142,s14,c115,1,Quality is poor.,2025-10-06T21:35:21.192802
r1143,s20,c61,4,Loved it!,2025-11-11T21:35:21.192802
r1144,s11,c61,1,Too expensive.,2025-11-11T21:35:21.192802
r1145,s9,c156,2,Quality is poor.,2025-07-18T21:35:21.192802
r1146,s10,c403,1,Disappointed.,2025-08-26T21:35:21.192802
r1147,s2,c348,3,Average experience.,2025-08-04T21:35:21.192802
r1148,s1,c446,3,Not bad.,2025-09-12T21:35:21.192802
r1149,s7,c414,5,Will come again.,2025-07-11T21:35:21.192802
r1150,s11,c414,2,Quality is poor.,2025-07-11T21:35:21.192802
r1151,s19,c261,1,Too expensive.,2025-07-25T21:35:21.192802
r1152,s10,c241,5,Loved it!,2025-11-05T21:35:21.192802
r1153,s19,c221,2,Too expensive.,2025-09-26T21:35:21.192802
r1154,s18,c221,3,Not bad.,2025-09-26T21:35:21.192802
r1155,s2,c39,4,Amazing quality.,2025-06-18T21:35:21.192802
r1156,s5,c176,4,Will come again.,2025-10-20T21:35:21.192802
r1157,s7,c348,1,Disappointed.,2025-10-09T21:35:21.192802
r1158,s5,c288,3,Decent but pricey.,2025-07-27T21:35:21.192802
r1159,s20,c288,3,Decent but pricey.,2025-10-17T21:35:21.192802
r1160,s9,c288,4,Best purchase ever!,2025-10-17T21:35:21.192802
r1161,s16,c249,5,Amazing quality.,2025-06-19T21:35:21.192802
r1162,s16,c253,2,Never coming back.,2025-06-12T21:35:21.192802
r1163,s5,c69,4,Will come again.,2025-11-14T21:35:21.192802
r1164,s11,c69,1,Disappointed.,2025-11-14T21:35:21.192802
r1165,s2,c498,4,Loved it!,2025-08-21T21:35:21.192802
r1166,s12,c498,4,Will come again.,2025-08-21T21:35:21.192802
r1167,s9,c78,1,Quality is poor.,2025-11-26T21:35:21.192802
r1168,s5,c402,1,Too expensive.,2025-07-15T21:35:21.192802
r1169,s1,c63,5,Best purchase ever!,2025-09-04T21:35:21.192802
r1170,s11,c301,4,Amazing quality.,2025-06-10T21:35:21.192802
r1171,s17,c325,4,Loved it!,2025-08-27T21:35:21.192802
r1172,s11,c63,3,Decent but pricey.,2025-07-30T21:35:21.192802
r1173,s11,c474,4,Loved it!,2025-07-30T21:35:21.192802
r1174,s20,c142,4,Best purchase ever!,2025-09-15T21:35:21.192802
r1175,s5,c154,3,It was okay.,2025-07-07T21:35:21.192802
r1176,s2,c70,5,Great service.,2025-10-17T21:35:21.192802
r1177,s10,c426,1,Too expensive.,2025-07-08T21:35:21.192802
r1178,s2,c55,2,Disappointed.,2025-11-04T21:35:21.192802
r1179,s11,c321,2,Disappointed.,2025-09-26T21:35:21.192802
r1180,s2,c334,3,Not bad.,2025-10-24T21:35:21.192802
r1181,s1,c111,2,Quality is poor.,2025-10-17T21:35:21.192802
r1182,s1,c210,5,Will come again.,2025-07-17T21:35:21.192802
r1183,s1,c320,2,Never coming back.,2025-08-26T21:35:21.192802
r1184,s5,c161,2,Disappointed.,2025-09-10T21:35:21.192802
r1185,s11,c161,1,Terrible service.,2025-09-10T21:35:21.192802
r1186,s6,c119,3,Not bad.,2025-06-07T21:35:21.192802
r1187,s2,c213,3,Average experience.,2025-09-11T21:35:21.192802
