txn_id,store_id,items,total_price,timestamp
t1,s5,"i14,i14,i13",2900,2025-09-02T16:09:11.039550
t2,s5,"i13,i13",1400,2025-10-04T09:09:11.039550
t3,s4,"i12,i11,i11",1600,2025-11-07T20:09:11.039550
t4,s4,"i11,i10,i10",2100,2025-09-21T10:09:11.039550
t5,s3,i9,2000,2025-10-11T13:09:11.039550
t6,s3,i8,12000,2025-09-13T20:09:11.039550
t7,s4,"i12,i12,i12",1800,2025-11-14T11:09:11.039550
t8,s5,"i13,i14",1800,2025-09-06T18:09:11.039550
t9,s1,"i1,i2,i1",10500,2025-10-14T13:09:11.039550
t10,s5,"i14,i13",1800,2025-11-11T11:09:11.039550
t11,s1,i3,3000,2025-11-03T20:09:11.039550
t12,s1,i1,4500,2025-10-30T09:09:11.039550
t13,s1,"i3,i1,i2",9000,2025-09-25T20:09:11.039550
t14,s2,"i4,i6",9500,2025-09-20T20:09:11.039550
t15,s1,i1,4500,2025-11-28T11:09:11.039550
t16,s3,i7,5000,2025-10-02T15:09:11.039550
t17,s2,"i6,i5,i4",12700,2025-09-05T14:09:11.039550
t18,s3,i7,5000,2025-09-11T10:09:11.039550
t19,s1,i1,4500,2025-09-13T09:09:11.039550
t20,s2,"i6,i5,i4",12700,2025-09-03T15:09:11.039550
t21,s2,"i5,i6",10200,2025-09-17T15:09:11.039550
t22,s5,i15,650,2025-10-04T10:09:11.039550
t23,s2,"i6,i4",9500,2025-10-25T19:09:11.039550
t24,s5,i13,700,2025-10-07T17:09:11.039550
t25,s3,"i7,i7,i8",22000,2025-10-16T16:09:11.039550
t26,s3,"i7,i9",7000,2025-10-04T19:09:11.039550
t27,s2,i5,3200,2025-11-19T17:09:11.039550
t28,s5,"i14,i15",1750,2025-11-21T16:09:11.039550
t29,s2,i5,3200,2025-09-19T18:09:11.039550
t30,s3,"i7,i8,i8",29000,2025-11-02T10:09:11.039550
t31,s4,"i10,i11",1300,2025-09-03T20:09:11.039550
t32,s1,i1,4500,2025-11-15T14:09:11.039550
t33,s2,i6,7000,2025-10-02T17:09:11.039550
t34,s4,i11,500,2025-09-29T14:09:11.039550
t35,s3,i7,5000,2025-09-04T16:09:11.039550
t36,s1,"i3,i3,i1",10500,2025-09-16T19:09:11.039550
t37,s3,i8,12000,2025-10-03T19:09:11.039550
t38,s5,"i14,i15,i15",2400,2025-09-08T19:09:11.039550
t39,s3,i7,5000,2025-11-14T14:09:11.039550
t40,s1,"i2,i2,i3",6000,2025-10-22T20:09:11.039550
t41,s4,i10,800,2025-10-02T16:09:11.039550
t42,s5,"i13,i13,i14",2500,2025-09-02T19:09:11.039550
t43,s5,"i15,i13",1350,2025-09-29T15:09:11.039550
t44,s2,"i4,i5,i4",8200,2025-09-24T10:09:11.039550
t45,s5,"i15,i13",1350,2025-10-02T11:09:11.039550
t46,s4,i12,600,2025-11-06T11:09:11.039550
t47,s3,"i9,i9",4000,2025-10-07T09:09:11.039550
t48,s4,"i10,i10",1600,2025-09-10T13:09:11.039550
t49,s1,"i1,i3,i3",10500,2025-09-18T09:09:11.039550
t50,s5,i13,700,2025-10-24T19:09:11.039550
t51,s2,"i4,i4,i4",7500,2025-09-03T14:09:11.039550
t52,s5,"i14,i14",2200,2025-10-26T09:09:11.039550
t53,s4,"i11,i11,i10",1800,2025-10-23T17:09:11.039550
t54,s4,i12,600,2025-09-21T17:09:11.039550
t55,s4,"i10,i10,i11",2100,2025-10-21T20:09:11.039550
t56,s4,"i11,i10",1300,2025-09-25T18:09:11.039550
t57,s4,"i10,i10",1600,2025-10-21T10:09:11.039550
t58,s1,"i1,i3",7500,2025-10-02T13:09:11.039550
t59,s5,i13,700,2025-11-14T16:09:11.039550
t60,s2,"i4,i4",5000,2025-11-17T15:09:11.039550
t61,s2,"i5,i5",6400,2025-10-13T17:09:11.039550
t62,s1,"i2,i3,i1",9000,2025-11-25T14:09:11.039550
t63,s4,"i10,i10",1600,2025-09-11T10:09:11.039550
t64,s3,"i7,i9",7000,2025-09-08T14:09:11.039550
t65,s2,"i4,i6,i4",12000,2025-11-16T19:09:11.039550
t66,s5,i14,1100,2025-10-17T20:09:11.039550
t67,s4,i10,800,2025-11-26T16:09:11.039550
t68,s5,i13,700,2025-10-08T20:09:11.039550
t69,s1,"i3,i1",7500,2025-09-28T10:09:11.039550
t70,s4,"i11,i11",1000,2025-10-16T11:09:11.039550
t71,s4,i11,500,2025-09-10T11:09:11.039550
t72,s1,"i3,i3",6000,2025-11-25T13:09:11.039550
t73,s2,"i5,i6",10200,2025-09-21T11:09:11.039550
t74,s2,"i4,i4,i6",12000,2025-10-09T14:09:11.039550
t75,s2,i4,2500,2025-09-18T17:09:11.039550
t76,s1,i1,4500,2025-09-04T09:09:11.039550
t77,s3,i7,5000,2025-09-03T20:09:11.039550
t78,s4,"i11,i11",1000,2025-10-30T19:09:11.039550
t79,s1,"i2,i2,i1",7500,2025-11-16T15:09:11.039550
t80,s3,"i7,i7,i7",15000,2025-09-28T14:09:11.039550
t81,s2,"i4,i5",5700,2025-11-23T14:09:11.039550
t82,s4,"i10,i10,i11",2100,2025-11-03T14:09:11.039550
t83,s3,"i9,i9,i7",9000,2025-11-12T14:09:11.039550
t84,s1,"i1,i1",9000,2025-09-28T12:09:11.039550
t85,s2,"i4,i6",9500,2025-10-19T14:09:11.039550
t86,s2,"i5,i4",5700,2025-09-24T10:09:11.039550
t87,s4,"i10,i10",1600,2025-11-19T17:09:11.039550
t88,s1,i1,4500,2025-10-08T19:09:11.039550
t89,s3,i9,2000,2025-11-14T10:09:11.039550
t90,s4,"i11,i10",1300,2025-11-08T17:09:11.039550
t91,s2,"i5,i5",6400,2025-11-12T10:09:11.039550
t92,s2,i6,7000,2025-09-30T10:09:11.039550
t93,s5,"i14,i14",2200,2025-10-28T13:09:11.039550
t94,s1,"i3,i1",7500,2025-10-19T09:09:11.039550
t95,s1,"i3,i2",4500,2025-10-05T16:09:11.039550
t96,s2,"i5,i5",6400,2025-09-23T10:09:11.039550
t97,s4,"i10,i11",1300,2025-11-02T13:09:11.039550
t98,s1,i2,1500,2025-10-30T11:09:11.039550
t99,s3,"i9,i9",4000,2025-09-29T15:09:11.039550
t100,s5,"i14,i14,i15",2850,2025-11-26T09:09:11.039550
t101,s3,i7,5000,2025-11-08T14:09:11.039550
t102,s2,i4,2500,2025-11-27T19:09:11.039550
t103,s2,"i5,i4,i5",8900,2025-10-09T19:09:11.039550
t104,s1,"i1,i2,i1",10500,2025-11-14T11:09:11.039550
t105,s4,"i12,i10",1400,2025-09-11T09:09:11.039550
t106,s2,i4,2500,2025-11-14T14:09:11.039550
t107,s2,"i4,i4,i6",12000,2025-10-04T20:09:11.039550
t108,s4,i10,800,2025-09-17T15:09:11.039550
t109,s2,"i4,i5",5700,2025-10-11T11:09:11.039550
t110,s1,i1,4500,2025-11-06T09:09:11.039550
t111,s1,i2,1500,2025-08-31T14:09:11.039550
t112,s4,"i10,i11",1300,2025-11-12T17:09:11.039550
t113,s2,"i6,i4,i5",12700,2025-09-11T20:09:11.039550
t114,s5,"i13,i14,i13",2500,2025-09-08T17:09:11.039550
t115,s1,i3,3000,2025-10-16T18:09:11.039550
t116,s1,i3,3000,2025-09-08T18:09:11.039550
t117,s3,"i8,i8,i9",26000,2025-09-13T19:09:11.039550
t118,s4,"i11,i12,i12",1700,2025-11-15T15:09:11.039550
t119,s4,"i10,i12",1400,2025-10-16T13:09:11.039550
t120,s5,"i15,i15,i13",2000,2025-10-04T11:09:11.039550
t121,s2,i5,3200,2025-10-15T17:09:11.039550
t122,s1,"i3,i1",7500,2025-11-16T13:09:11.039550
t123,s3,"i8,i9",14000,2025-11-24T15:09:11.039550
t124,s4,i12,600,2025-09-21T18:09:11.039550
t125,s4,"i12,i11",1100,2025-09-17T10:09:11.039550
t126,s5,i15,650,2025-09-23T10:09:11.039550
t127,s4,i12,600,2025-11-06T14:09:11.039550
t128,s3,"i8,i9",14000,2025-09-04T14:09:11.039550
t129,s5,"i13,i13",1400,2025-09-21T14:09:11.039550
t130,s1,"i3,i3",6000,2025-09-17T17:09:11.039550
t131,s1,"i1,i2,i3",9000,2025-10-19T18:09:11.039550
t132,s1,i1,4500,2025-10-24T20:09:11.039550
t133,s3,"i7,i8,i9",19000,2025-11-24T11:09:11.039550
t134,s4,i10,800,2025-10-01T11:09:11.039550
t135,s1,"i1,i2",6000,2025-09-16T09:09:11.039550
t136,s5,"i15,i14",1750,2025-09-22T18:09:11.039550
t137,s4,"i10,i10,i12",2200,2025-11-08T16:09:11.039550
t138,s2,i6,7000,2025-11-18T15:09:11.039550
t139,s5,i15,650,2025-10-09T12:09:11.039550
t140,s1,"i2,i2,i2",4500,2025-09-21T10:09:11.039550
t141,s2,"i6,i6,i6",21000,2025-09-07T17:09:11.039550
t142,s2,i6,7000,2025-10-12T18:09:11.039550
t143,s5,"i13,i15",1350,2025-09-07T15:09:11.039550
t144,s4,"i12,i12",1200,2025-11-27T10:09:11.039550
t145,s5,"i15,i13,i15",2000,2025-10-31T18:09:11.039550
t146,s3,"i9,i8",14000,2025-09-03T09:09:11.039550
t147,s2,i4,2500,2025-09-20T13:09:11.039550
t148,s2,"i5,i4",5700,2025-11-28T13:09:11.039550
t149,s3,"i8,i8,i8",36000,2025-11-23T12:09:11.039550
t150,s4,"i11,i12,i12",1700,2025-09-07T17:09:11.039550
t151,s4,i10,800,2025-10-06T12:09:11.039550
t152,s1,"i3,i1,i2",9000,2025-09-24T12:09:11.039550
t153,s4,"i10,i11,i12",1900,2025-09-10T14:09:11.039550
t154,s1,"i1,i3",7500,2025-10-01T15:09:11.039550
t155,s4,"i11,i10",1300,2025-10-29T19:09:11.039550
t156,s2,i6,7000,2025-09-09T14:09:11.039550
t157,s4,"i12,i11,i11",1600,2025-10-15T11:09:11.039550
t158,s2,"i6,i4,i5",12700,2025-11-14T17:09:11.039550
t159,s2,"i6,i6",14000,2025-09-13T17:09:11.039550
t160,s3,"i7,i7,i7",15000,2025-10-07T12:09:11.039550
t161,s4,"i11,i12,i11",1600,2025-11-13T20:09:11.039550
t162,s2,"i4,i4",5000,2025-09-05T15:09:11.039550
t163,s2,"i6,i6",14000,2025-11-12T10:09:11.039550
t164,s5,"i15,i13",1350,2025-11-25T09:09:11.039550
t165,s5,i14,1100,2025-09-15T19:09:11.039550
t166,s2,"i4,i4,i5",8200,2025-10-09T17:09:11.039550
t167,s1,"i1,i1",9000,2025-10-01T09:09:11.039550
t168,s5,"i15,i15,i15",1950,2025-10-15T13:09:11.039550
t169,s4,"i12,i11",1100,2025-10-11T13:09:11.039550
t170,s5,"i15,i15",1300,2025-10-30T11:09:11.039550
t171,s2,"i6,i4,i6",16500,2025-10-16T16:09:11.039550
t172,s2,"i6,i6,i4",16500,2025-09-15T16:09:11.039550
t173,s2,"i4,i6",9500,2025-11-13T13:09:11.039550
t174,s2,"i5,i4,i5",8900,2025-09-25T16:09:11.039550
t175,s4,"i10,i10,i12",2200,2025-09-19T18:09:11.039550
t176,s4,"i11,i12,i12",1700,2025-10-01T20:09:11.039550
t177,s1,"i2,i1",6000,2025-10-18T18:09:11.039550
t178,s3,"i9,i8,i8",26000,2025-10-11T14:09:11.039550
t179,s3,i7,5000,2025-10-06T10:09:11.039550
t180,s2,i6,7000,2025-09-28T12:09:11.039550
t181,s3,i8,12000,2025-09-23T12:09:11.039550
t182,s5,"i13,i13,i14",2500,2025-09-18T13:09:11.039550
t183,s4,"i10,i10,i10",2400,2025-09-24T13:09:11.039550
t184,s3,i7,5000,2025-10-19T11:09:11.039550
t185,s5,"i14,i15,i15",2400,2025-10-25T17:09:11.039550
t186,s4,"i12,i10,i12",2000,2025-10-13T10:09:11.039550
t187,s2,"i4,i6,i4",12000,2025-10-26T09:09:11.039550
t188,s5,i13,700,2025-09-09T16:09:11.039550
t189,s3,i9,2000,2025-10-07T16:09:11.039550
t190,s2,"i5,i4",5700,2025-09-28T10:09:11.039550
t191,s5,"i15,i15,i15",1950,2025-10-06T12:09:11.039550
t192,s4,"i10,i11",1300,2025-09-22T12:09:11.039550
t193,s4,"i10,i11,i10",2100,2025-11-20T14:09:11.039550
t194,s5,"i14,i13",1800,2025-09-13T11:09:11.039550
t195,s5,"i15,i15",1300,2025-10-26T14:09:11.039550
t196,s4,"i10,i11",1300,2025-11-01T15:09:11.039550
t197,s2,i6,7000,2025-09-28T16:09:11.039550
t198,s4,"i11,i10",1300,2025-10-17T10:09:11.039550
t199,s5,"i15,i14",1750,2025-10-17T13:09:11.039550
t200,s5,i13,700,2025-11-26T17:09:11.039550
t201,s3,"i8,i7",17000,2025-11-22T18:09:11.039550
t202,s4,"i11,i12,i12",1700,2025-10-31T10:09:11.039550
t203,s4,"i11,i11,i12",1600,2025-10-20T11:09:11.039550
t204,s4,"i11,i10,i12",1900,2025-09-22T19:09:11.039550
t205,s5,"i14,i13",1800,2025-09-03T15:09:11.039550
t206,s4,"i12,i12,i11",1700,2025-09-02T19:09:11.039550
t207,s4,i11,500,2025-09-11T18:09:11.039550
t208,s2,"i5,i5,i5",9600,2025-08-31T09:09:11.039550
t209,s2,"i4,i6",9500,2025-09-02T16:09:11.039550
t210,s1,"i2,i3,i1",9000,2025-09-01T17:09:11.039550
t211,s5,i13,700,2025-09-23T09:09:11.039550
t212,s4,"i10,i11,i12",1900,2025-10-10T19:09:11.039550
t213,s5,"i13,i13",1400,2025-11-24T16:09:11.039550
t214,s1,"i1,i1,i3",12000,2025-11-15T15:09:11.039550
t215,s1,i1,4500,2025-11-24T12:09:11.039550
t216,s5,"i15,i14,i13",2450,2025-11-13T16:09:11.039550
t217,s3,"i9,i7,i7",12000,2025-10-21T16:09:11.039550
t218,s3,"i9,i8,i9",16000,2025-09-13T15:09:11.039550
t219,s5,"i13,i14",1800,2025-10-17T15:09:11.039550
t220,s2,"i4,i5,i5",8900,2025-10-10T12:09:11.039550
t221,s5,"i14,i13",1800,2025-09-21T09:09:11.039550
t222,s4,i12,600,2025-09-05T20:09:11.039550
t223,s4,i11,500,2025-08-31T09:09:11.039550
t224,s4,"i12,i10",1400,2025-10-30T11:09:11.039550
t225,s3,"i9,i8",14000,2025-10-27T18:09:11.039550
t226,s1,"i2,i1,i3",9000,2025-09-11T20:09:11.039550
t227,s3,"i9,i9,i7",9000,2025-10-17T11:09:11.039550
t228,s1,"i3,i1",7500,2025-11-09T19:09:11.039550
t229,s2,i6,7000,2025-11-20T20:09:11.039550
t230,s5,i14,1100,2025-09-27T10:09:11.039550
t231,s5,i15,650,2025-11-21T17:09:11.039550
t232,s5,i14,1100,2025-11-06T13:09:11.039550
t233,s4,i10,800,2025-09-08T11:09:11.039550
t234,s1,"i1,i1",9000,2025-11-27T11:09:11.039550
t235,s1,"i3,i3",6000,2025-09-27T15:09:11.039550
t236,s3,"i7,i9",7000,2025-09-04T10:09:11.039550
t237,s1,i3,3000,2025-08-31T15:09:11.039550
t238,s5,"i13,i13",1400,2025-10-31T11:09:11.039550
t239,s2,"i4,i5,i4",8200,2025-10-24T11:09:11.039550
t240,s5,"i14,i13",1800,2025-09-16T14:09:11.039550
t241,s2,"i5,i4,i6",12700,2025-10-06T18:09:11.039550
t242,s4,i10,800,2025-11-05T13:09:11.039550
t243,s2,i6,7000,2025-11-27T16:09:11.039550
t244,s4,"i10,i10",1600,2025-11-26T12:09:11.039550
t245,s1,"i3,i1",7500,2025-10-26T09:09:11.039550
t246,s1,i3,3000,2025-11-18T17:09:11.039550
t247,s2,"i4,i6",9500,2025-09-01T12:09:11.039550
t248,s2,i4,2500,2025-11-27T11:09:11.039550
t249,s3,"i7,i9,i9",9000,2025-11-04T10:09:11.039550
t250,s3,"i8,i7",17000,2025-09-27T12:09:11.039550
t251,s4,"i11,i11,i10",1800,2025-11-07T18:09:11.039550
t252,s4,i12,600,2025-11-04T10:09:11.039550
t253,s2,i5,3200,2025-10-04T20:09:11.039550
t254,s2,"i5,i6,i4",12700,2025-10-14T09:09:11.039550
t255,s4,i10,800,2025-11-02T16:09:11.039550
t256,s1,"i2,i2,i3",6000,2025-11-05T14:09:11.039550
t257,s4,"i12,i10,i10",2200,2025-10-21T12:09:11.039550
t258,s4,"i10,i12,i10",2200,2025-09-03T16:09:11.039550
t259,s1,i1,4500,2025-11-25T17:09:11.039550
t260,s3,"i7,i9,i7",12000,2025-11-22T16:09:11.039550
t261,s3,i9,2000,2025-10-08T14:09:11.039550
t262,s2,"i6,i5,i4",12700,2025-09-07T10:09:11.039550
t263,s2,"i5,i5,i5",9600,2025-11-22T19:09:11.039550
t264,s5,"i14,i14",2200,2025-11-17T11:09:11.039550
t265,s1,i1,4500,2025-11-04T14:09:11.039550
t266,s2,"i4,i4,i4",7500,2025-11-25T17:09:11.039550
t267,s1,"i1,i1,i2",10500,2025-11-12T14:09:11.039550
t268,s1,"i2,i3",4500,2025-10-08T11:09:11.039550
t269,s3,i7,5000,2025-11-05T15:09:11.039550
t270,s2,i6,7000,2025-11-13T17:09:11.039550
t271,s3,"i9,i9,i7",9000,2025-10-01T14:09:11.039550
t272,s5,"i13,i14,i15",2450,2025-11-04T10:09:11.039550
t273,s4,"i11,i10",1300,2025-11-07T11:09:11.039550
t274,s4,"i10,i11,i12",1900,2025-09-11T20:09:11.039550
t275,s1,"i2,i3",4500,2025-09-28T11:09:11.039550
t276,s3,"i8,i7,i7",22000,2025-09-06T15:09:11.039550
t277,s3,"i9,i8,i7",19000,2025-11-11T19:09:11.039550
t278,s5,"i15,i13,i13",2050,2025-11-03T12:09:11.039550
t279,s2,i5,3200,2025-11-23T19:09:11.039550
t280,s5,i15,650,2025-09-08T10:09:11.039550
t281,s4,i11,500,2025-11-24T10:09:11.039550
t282,s3,"i7,i9",7000,2025-10-14T11:09:11.039550
t283,s4,i12,600,2025-09-29T15:09:11.039550
t284,s1,"i3,i2,i1",9000,2025-09-18T12:09:11.039550
t285,s4,"i12,i11",1100,2025-09-09T19:09:11.039550
t286,s4,"i10,i10,i12",2200,2025-10-04T12:09:11.039550
t287,s1,i3,3000,2025-11-15T10:09:11.039550
t288,s5,"i14,i13,i13",2500,2025-11-07T09:09:11.039550
t289,s5,"i13,i14",1800,2025-11-28T11:09:11.039550
t290,s3,i8,12000,2025-11-01T09:09:11.039550
t291,s5,i15,650,2025-10-05T12:09:11.039550
t292,s3,"i9,i7,i9",9000,2025-11-12T09:09:11.039550
t293,s5,"i15,i15,i14",2400,2025-09-20T16:09:11.039550
t294,s3,"i9,i9",4000,2025-10-26T15:09:11.039550
t295,s4,i12,600,2025-10-26T19:09:11.039550
t296,s2,i4,2500,2025-11-21T16:09:11.039550
t297,s3,"i8,i7",17000,2025-09-30T14:09:11.039550
t298,s2,"i6,i5,i6",17200,2025-10-10T13:09:11.039550
t299,s5,"i13,i15",1350,2025-11-04T15:09:11.039550
t300,s4,"i10,i11",1300,2025-11-08T13:09:11.039550
t301,s1,"i1,i3",7500,2025-09-22T18:09:11.039550
t302,s5,"i14,i14",2200,2025-10-08T12:09:11.039550
t303,s2,"i6,i6",14000,2025-09-10T16:09:11.039550
t304,s5,"i15,i14",1750,2025-11-17T09:09:11.039550
t305,s3,i9,2000,2025-09-06T19:09:11.039550
t306,s5,"i14,i13,i14",2900,2025-09-14T20:09:11.039550
t307,s2,"i6,i4",9500,2025-10-28T14:09:11.039550
t308,s4,"i10,i11,i10",2100,2025-11-23T12:09:11.039550
t309,s4,i12,600,2025-10-18T17:09:11.039550
t310,s4,i10,800,2025-09-24T12:09:11.039550
t311,s2,i4,2500,2025-09-20T17:09:11.039550
t312,s5,"i14,i14,i13",2900,2025-09-20T19:09:11.039550
t313,s3,"i7,i9",7000,2025-11-12T18:09:11.039550
t314,s5,"i14,i15",1750,2025-10-09T20:09:11.039550
t315,s5,i15,650,2025-11-19T20:09:11.039550
t316,s2,i4,2500,2025-10-01T20:09:11.039550
t317,s4,i10,800,2025-10-04T14:09:11.039550
t318,s1,"i2,i1",6000,2025-11-26T16:09:11.039550
t319,s4,i12,600,2025-09-12T20:09:11.039550
t320,s2,"i4,i4",5000,2025-11-12T16:09:11.039550
t321,s4,"i11,i12,i10",1900,2025-10-21T13:09:11.039550
t322,s4,"i10,i10",1600,2025-09-05T14:09:11.039550
t323,s5,"i13,i15",1350,2025-10-08T14:09:11.039550
t324,s1,"i1,i2",6000,2025-09-16T17:09:11.039550
t325,s4,"i12,i12,i11",1700,2025-08-31T10:09:11.039550
t326,s4,"i12,i12",1200,2025-10-18T10:09:11.039550
t327,s5,"i13,i14,i15",2450,2025-11-16T19:09:11.039550
t328,s2,"i6,i6,i4",16500,2025-11-26T12:09:11.039550
t329,s3,i7,5000,2025-10-04T10:09:11.039550
t330,s2,"i5,i4",5700,2025-10-10T10:09:11.039550
t331,s2,"i6,i5",10200,2025-10-02T15:09:11.039550
t332,s1,"i1,i3",7500,2025-10-25T13:09:11.039550
t333,s5,"i13,i14",1800,2025-11-12T09:09:11.039550
t334,s3,"i7,i8",17000,2025-10-04T11:09:11.039550
t335,s3,i7,5000,2025-09-04T11:09:11.039550
t336,s3,"i7,i9",7000,2025-10-12T12:09:11.039550
t337,s3,"i8,i7,i7",22000,2025-10-22T11:09:11.039550
t338,s5,"i14,i15",1750,2025-09-28T19:09:11.039550
t339,s1,i2,1500,2025-09-09T19:09:11.039550
t340,s1,i2,1500,2025-11-21T16:09:11.039550
t341,s5,"i15,i14,i15",2400,2025-09-12T15:09:11.039550
t342,s2,"i4,i5",5700,2025-09-05T16:09:11.039550
t343,s4,"i12,i10",1400,2025-11-18T13:09:11.039550
t344,s3,"i7,i7",10000,2025-10-23T19:09:11.039550
t345,s4,"i10,i12,i10",2200,2025-11-22T09:09:11.039550
t346,s4,i12,600,2025-09-05T14:09:11.039550
t347,s4,"i11,i12",1100,2025-09-05T12:09:11.039550
t348,s3,"i8,i9",14000,2025-11-26T17:09:11.039550
t349,s3,i9,2000,2025-09-08T14:09:11.039550
t350,s5,"i15,i13,i15",2000,2025-09-25T16:09:11.039550
t351,s2,"i5,i5",6400,2025-09-19T19:09:11.039550
t352,s3,"i7,i8,i8",29000,2025-11-07T12:09:11.039550
t353,s3,i8,12000,2025-10-16T09:09:11.039550
t354,s1,i1,4500,2025-09-25T14:09:11.039550
t355,s3,"i8,i8,i9",26000,2025-11-09T16:09:11.039550
t356,s3,i8,12000,2025-08-31T10:09:11.039550
t357,s1,i1,4500,2025-10-01T13:09:11.039550
t358,s4,"i12,i12",1200,2025-09-02T13:09:11.039550
t359,s4,i11,500,2025-10-03T17:09:11.039550
t360,s4,"i12,i12,i12",1800,2025-10-05T17:09:11.039550
t361,s1,"i2,i2",3000,2025-10-06T18:09:11.039550
t362,s1,i3,3000,2025-10-02T10:09:11.039550
t363,s4,i11,500,2025-11-28T09:09:11.039550
t364,s1,i2,1500,2025-10-06T09:09:11.039550
t365,s1,"i2,i1,i1",10500,2025-10-07T12:09:11.039550
t366,s2,"i5,i4",5700,2025-11-27T17:09:11.039550
t367,s2,"i4,i6",9500,2025-10-02T16:09:11.039550
t368,s4,"i12,i11",1100,2025-11-22T11:09:11.039550
t369,s1,"i3,i2",4500,2025-10-12T20:09:11.039550
t370,s1,"i2,i2,i2",4500,2025-10-05T09:09:11.039550
t371,s2,i5,3200,2025-09-05T16:09:11.039550
t372,s4,"i10,i11,i10",2100,2025-10-29T11:09:11.039550
t373,s3,i7,5000,2025-10-30T18:09:11.039550
t374,s4,"i12,i12",1200,2025-09-08T10:09:11.039550
t375,s2,"i4,i5,i5",8900,2025-09-12T13:09:11.039550
t376,s2,"i4,i6,i4",12000,2025-11-17T19:09:11.039550
t377,s2,i4,2500,2025-11-03T09:09:11.039550
t378,s4,i12,600,2025-09-02T18:09:11.039550
t379,s1,i3,3000,2025-11-05T17:09:11.039550
t380,s3,"i8,i8",24000,2025-09-20T14:09:11.039550
t381,s1,"i1,i2",6000,2025-11-15T13:09:11.039550
t382,s3,"i7,i7",10000,2025-10-15T14:09:11.039550
t383,s1,"i2,i1",6000,2025-10-22T15:09:11.039550
t384,s5,"i15,i13,i14",2450,2025-09-04T18:09:11.039550
t385,s1,"i1,i1,i1",13500,2025-10-14T20:09:11.039550
t386,s3,"i9,i9",4000,2025-10-07T13:09:11.039550
t387,s2,i6,7000,2025-11-27T17:09:11.039550
t388,s2,"i4,i5,i5",8900,2025-11-08T10:09:11.039550
t389,s2,"i4,i4,i6",12000,2025-10-09T14:09:11.039550
t390,s4,"i10,i12,i11",1900,2025-09-26T12:09:11.039550
t391,s4,"i12,i11,i11",1600,2025-11-09T13:09:11.039550
t392,s2,i4,2500,2025-10-23T19:09:11.039550
t393,s2,"i5,i5,i6",13400,2025-10-25T11:09:11.039550
t394,s4,i11,500,2025-09-07T12:09:11.039550
t395,s5,"i15,i14,i14",2850,2025-09-05T15:09:11.039550
t396,s2,i5,3200,2025-09-11T10:09:11.039550
t397,s2,"i5,i4",5700,2025-10-08T10:09:11.039550
t398,s1,"i2,i2,i1",7500,2025-09-22T17:09:11.039550
t399,s2,"i5,i5",6400,2025-09-19T18:09:11.039550
t400,s4,i11,500,2025-11-23T18:09:11.039550
t401,s1,"i2,i1,i1",10500,2025-10-12T15:09:11.039550
t402,s4,i11,500,2025-10-01T15:09:11.039550
t403,s5,"i15,i14,i13",2450,2025-11-26T11:09:11.039550
t404,s3,"i9,i8,i8",26000,2025-10-26T12:09:11.039550
t405,s4,"i10,i10",1600,2025-10-02T20:09:11.039550
t406,s3,"i9,i8",14000,2025-10-10T14:09:11.039550
t407,s3,i8,12000,2025-10-06T19:09:11.039550
t408,s5,"i14,i14",2200,2025-09-27T19:09:11.039550
t409,s5,i13,700,2025-10-15T15:09:11.039550
t410,s3,"i8,i9,i9",16000,2025-09-17T20:09:11.039550
t411,s5,"i13,i13,i13",2100,2025-09-09T17:09:11.039550
t412,s1,"i3,i1,i1",12000,2025-09-02T12:09:11.039550
t413,s4,"i12,i10,i12",2000,2025-09-19T10:09:11.039550
t414,s1,"i2,i3,i2",6000,2025-10-12T14:09:11.039550
t415,s2,"i6,i6,i6",21000,2025-09-06T11:09:11.039550
t416,s1,"i3,i1",7500,2025-10-05T15:09:11.039550
t417,s2,"i4,i5,i5",8900,2025-09-18T18:09:11.039550
t418,s4,i12,600,2025-10-18T09:09:11.039550
t419,s4,"i10,i10,i11",2100,2025-10-25T14:09:11.039550
t420,s3,"i8,i7",17000,2025-09-28T12:09:11.039550
t421,s1,"i2,i2,i1",7500,2025-10-13T10:09:11.039550
t422,s2,"i6,i6",14000,2025-09-18T20:09:11.039550
t423,s2,"i4,i4",5000,2025-10-05T17:09:11.039550
t424,s4,"i11,i11",1000,2025-11-08T13:09:11.039550
t425,s2,i5,3200,2025-11-10T13:09:11.039550
t426,s5,"i13,i15",1350,2025-10-31T13:09:11.039550
t427,s1,i3,3000,2025-11-13T14:09:11.039550
t428,s5,"i15,i13",1350,2025-10-19T15:09:11.039550
t429,s4,"i12,i12,i12",1800,2025-09-21T17:09:11.039550
t430,s1,i3,3000,2025-10-07T14:09:11.039550
t431,s4,"i11,i11",1000,2025-11-01T11:09:11.039550
t432,s2,i5,3200,2025-09-02T10:09:11.039550
t433,s4,"i11,i11",1000,2025-11-06T20:09:11.039550
t434,s4,"i12,i12",1200,2025-09-11T17:09:11.039550
t435,s2,i6,7000,2025-11-25T10:09:11.039550
t436,s5,"i13,i14,i13",2500,2025-10-14T11:09:11.039550
t437,s1,i3,3000,2025-09-20T14:09:11.039550
t438,s5,i14,1100,2025-11-06T11:09:11.039550
t439,s3,"i9,i7,i9",9000,2025-09-04T18:09:11.039550
t440,s2,"i4,i5",5700,2025-10-22T15:09:11.039550
t441,s1,"i3,i3",6000,2025-11-16T20:09:11.039550
t442,s3,"i7,i7",10000,2025-09-04T10:09:11.039550
t443,s3,"i9,i7,i8",19000,2025-11-18T09:09:11.039550
t444,s3,"i8,i8",24000,2025-08-31T20:09:11.039550
t445,s2,i4,2500,2025-10-04T20:09:11.039550
t446,s4,"i10,i11,i11",1800,2025-09-17T16:09:11.039550
t447,s4,"i10,i11",1300,2025-09-14T20:09:11.039550
t448,s1,"i2,i2",3000,2025-10-24T11:09:11.039550
t449,s3,"i9,i7,i9",9000,2025-09-30T20:09:11.039550
t450,s4,"i10,i10",1600,2025-09-25T16:09:11.039550
t451,s1,i2,1500,2025-11-23T10:09:11.039550
t452,s2,"i6,i4,i5",12700,2025-09-20T13:09:11.039550
t453,s4,i12,600,2025-09-05T19:09:11.039550
t454,s1,"i2,i2,i1",7500,2025-10-30T10:09:11.039550
t455,s1,"i3,i1,i2",9000,2025-10-30T18:09:11.039550
t456,s1,i1,4500,2025-11-17T12:09:11.039550
t457,s4,"i12,i10,i11",1900,2025-09-28T20:09:11.039550
t458,s5,i14,1100,2025-09-08T15:09:11.039550
t459,s4,"i12,i12,i11",1700,2025-11-04T19:09:11.039550
t460,s5,"i13,i13,i15",2050,2025-10-25T19:09:11.039550
t461,s2,"i6,i4,i4",12000,2025-11-14T17:09:11.039550
t462,s2,"i6,i5,i5",13400,2025-10-26T18:09:11.039550
t463,s3,"i7,i8,i8",29000,2025-09-27T20:09:11.039550
t464,s5,"i15,i15,i13",2000,2025-09-13T19:09:11.039550
t465,s1,"i2,i3,i3",7500,2025-11-06T11:09:11.039550
t466,s1,i1,4500,2025-10-06T11:09:11.039550
t467,s4,"i10,i10,i10",2400,2025-10-03T17:09:11.039550
t468,s5,"i15,i14",1750,2025-10-14T15:09:11.039550
t469,s2,i4,2500,2025-10-25T18:09:11.039550
t470,s5,"i13,i15,i15",2000,2025-11-23T09:09:11.039550
t471,s1,"i1,i2",6000,2025-09-25T17:09:11.039550
t472,s2,"i4,i6,i4",12000,2025-09-19T12:09:11.039550
t473,s3,"i8,i8,i8",36000,2025-10-11T20:09:11.039550
t474,s3,i7,5000,2025-09-15T16:09:11.039550
t475,s5,"i14,i13,i14",2900,2025-09-29T10:09:11.039550
t476,s4,"i12,i10",1400,2025-11-22T13:09:11.039550
t477,s5,"i15,i14",1750,2025-10-21T17:09:11.039550
t478,s4,"i10,i10,i11",2100,2025-10-16T12:09:11.039550
t479,s4,"i11,i12",1100,2025-09-16T19:09:11.039550
t480,s4,i10,800,2025-10-27T12:09:11.039550
t481,s1,i3,3000,2025-10-25T16:09:11.039550
t482,s1,"i1,i2",6000,2025-09-24T14:09:11.039550
t483,s3,"i9,i7,i8",19000,2025-11-15T18:09:11.039550
t484,s4,i12,600,2025-11-06T15:09:11.039550
t485,s5,"i15,i14",1750,2025-10-19T12:09:11.039550
t486,s5,i14,1100,2025-09-03T13:09:11.039550
t487,s2,"i5,i6,i4",12700,2025-10-12T13:09:11.039550
t488,s1,"i3,i3,i2",7500,2025-11-10T12:09:11.039550
t489,s3,i8,12000,2025-11-10T15:09:11.039550
t490,s4,"i12,i10,i11",1900,2025-11-08T16:09:11.039550
t491,s5,"i13,i13",1400,2025-09-21T17:09:11.039550
t492,s1,"i3,i1",7500,2025-10-28T20:09:11.039550
t493,s1,i2,1500,2025-10-11T16:09:11.039550
t494,s3,"i7,i8",17000,2025-11-17T09:09:11.039550
t495,s4,i10,800,2025-09-21T15:09:11.039550
t496,s2,"i4,i6,i6",16500,2025-09-13T11:09:11.039550
t497,s1,"i2,i1,i3",9000,2025-08-31T19:09:11.039550
t498,s2,"i4,i6",9500,2025-10-28T12:09:11.039550
t499,s2,i5,3200,2025-11-18T11:09:11.039550
t500,s5,"i15,i14",1750,2025-11-27T19:09:11.039550
t501,s1,"i3,i3",6000,2025-11-18T12:09:11.039550
t502,s5,"i13,i14,i15",2450,2025-10-11T16:09:11.039550
t503,s5,"i14,i14,i14",3300,2025-10-04T10:09:11.039550
t504,s3,"i7,i8,i7",22000,2025-11-16T18:09:11.039550
t505,s4,"i10,i11,i12",1900,2025-11-04T10:09:11.039550
t506,s4,"i11,i12,i11",1600,2025-10-22T19:09:11.039550
t507,s2,i5,3200,2025-10-11T17:09:11.039550
t508,s5,"i14,i15",1750,2025-11-03T20:09:11.039550
t509,s2,i4,2500,2025-11-12T20:09:11.039550
t510,s4,"i11,i12",1100,2025-09-15T16:09:11.039550
t511,s5,i14,1100,2025-09-24T19:09:11.039550
t512,s1,"i1,i2",6000,2025-10-14T20:09:11.039550
t513,s1,i3,3000,2025-10-04T10:09:11.039550
t514,s2,"i4,i4",5000,2025-11-13T16:09:11.039550
t515,s3,i7,5000,2025-11-12T20:09:11.039550
t516,s2,i4,2500,2025-10-22T20:09:11.039550
t517,s4,i10,800,2025-10-23T10:09:11.039550
t518,s3,"i7,i8",17000,2025-10-19T14:09:11.039550
t519,s2,"i6,i4",9500,2025-10-27T10:09:11.039550
t520,s2,"i5,i6,i6",17200,2025-09-08T12:09:11.039550
t521,s2,"i4,i4",5000,2025-11-19T15:09:11.039550
t522,s2,i4,2500,2025-09-13T16:09:11.039550
t523,s5,"i13,i15,i15",2000,2025-11-27T18:09:11.039550
t524,s3,"i8,i9",14000,2025-09-04T17:09:11.039550
t525,s1,"i1,i1",9000,2025-09-14T09:09:11.039550
t526,s3,"i9,i8",14000,2025-09-29T17:09:11.039550
t527,s4,i10,800,2025-11-08T17:09:11.039550
t528,s5,"i13,i15,i13",2050,2025-10-11T15:09:11.039550
t529,s4,"i12,i11,i12",1700,2025-09-13T09:09:11.039550
t530,s4,"i12,i10",1400,2025-10-25T20:09:11.039550
t531,s1,"i3,i1",7500,2025-09-02T15:09:11.039550
t532,s2,"i4,i5",5700,2025-09-11T10:09:11.039550
t533,s2,"i6,i4",9500,2025-09-28T14:09:11.039550
t534,s2,"i6,i6,i6",21000,2025-09-12T10:09:11.039550
t535,s4,"i10,i12",1400,2025-11-03T12:09:11.039550
t536,s4,"i12,i10",1400,2025-11-26T12:09:11.039550
t537,s1,i2,1500,2025-09-23T12:09:11.039550
t538,s5,"i14,i13",1800,2025-10-20T16:09:11.039550
t539,s2,i4,2500,2025-11-03T16:09:11.039550
t540,s1,"i3,i1,i1",12000,2025-10-22T17:09:11.039550
t541,s4,"i11,i10,i12",1900,2025-09-15T09:09:11.039550
t542,s3,"i8,i8,i9",26000,2025-09-14T18:09:11.039550
t543,s5,"i13,i13",1400,2025-10-14T12:09:11.039550
t544,s5,"i14,i13,i14",2900,2025-11-17T12:09:11.039550
t545,s3,i9,2000,2025-09-05T12:09:11.039550
t546,s4,i11,500,2025-09-29T11:09:11.039550
t547,s3,"i7,i9,i7",12000,2025-11-12T19:09:11.039550
t548,s4,"i11,i10",1300,2025-09-21T17:09:11.039550
t549,s3,"i8,i8",24000,2025-11-04T12:09:11.039550
t550,s5,i15,650,2025-09-18T12:09:11.039550
t551,s3,"i7,i8,i9",19000,2025-10-23T14:09:11.039550
t552,s1,"i3,i2",4500,2025-11-01T16:09:11.039550
t553,s1,i3,3000,2025-09-17T19:09:11.039550
t554,s2,"i4,i5,i5",8900,2025-11-11T11:09:11.039550
t555,s2,"i4,i6",9500,2025-10-10T11:09:11.039550
t556,s1,"i2,i3,i1",9000,2025-10-17T18:09:11.039550
t557,s5,i15,650,2025-09-22T18:09:11.039550
t558,s1,i3,3000,2025-11-04T10:09:11.039550
t559,s3,"i8,i7,i7",22000,2025-11-10T20:09:11.039550
t560,s1,"i1,i3,i3",10500,2025-11-15T15:09:11.039550
t561,s5,"i15,i13",1350,2025-11-10T11:09:11.039550
t562,s3,i9,2000,2025-10-01T15:09:11.039550
t563,s5,"i13,i14,i13",2500,2025-10-18T11:09:11.039550
t564,s2,"i4,i5",5700,2025-11-07T20:09:11.039550
t565,s2,"i5,i5,i4",8900,2025-11-14T18:09:11.039550
t566,s4,i12,600,2025-10-01T18:09:11.039550
t567,s3,i9,2000,2025-09-23T09:09:11.039550
t568,s4,"i12,i10",1400,2025-10-01T20:09:11.039550
t569,s3,i7,5000,2025-09-22T15:09:11.039550
t570,s3,i7,5000,2025-10-03T12:09:11.039550
t571,s4,i10,800,2025-11-05T16:09:11.039550
t572,s2,i6,7000,2025-11-12T17:09:11.039550
t573,s2,i4,2500,2025-09-06T17:09:11.039550
t574,s2,i4,2500,2025-10-02T13:09:11.039550
t575,s5,"i13,i13",1400,2025-09-11T10:09:11.039550
t576,s5,"i15,i15",1300,2025-10-31T18:09:11.039550
t577,s4,"i10,i10,i12",2200,2025-09-29T20:09:11.039550
t578,s1,i1,4500,2025-10-04T20:09:11.039550
t579,s1,"i1,i1,i3",12000,2025-09-01T20:09:11.039550
t580,s3,"i7,i9,i9",9000,2025-10-01T16:09:11.039550
t581,s5,i15,650,2025-09-29T14:09:11.039550
t582,s3,"i9,i7",7000,2025-09-04T15:09:11.039550
t583,s3,"i8,i7",17000,2025-09-20T10:09:11.039550
t584,s5,"i13,i14",1800,2025-11-03T09:09:11.039550
t585,s1,i3,3000,2025-10-16T20:09:11.039550
t586,s4,"i11,i12",1100,2025-10-01T17:09:11.039550
t587,s1,"i3,i1,i3",10500,2025-10-12T18:09:11.039550
t588,s5,i15,650,2025-10-10T09:09:11.039550
t589,s4,"i10,i10",1600,2025-09-23T09:09:11.039550
t590,s3,i9,2000,2025-10-19T11:09:11.039550
t591,s4,i10,800,2025-10-14T10:09:11.039550
t592,s5,"i15,i14,i13",2450,2025-11-12T11:09:11.039550
t593,s5,"i15,i14",1750,2025-10-03T14:09:11.039550
t594,s3,"i8,i9,i7",19000,2025-11-27T18:09:11.039550
t595,s5,"i13,i13,i15",2050,2025-11-13T19:09:11.039550
t596,s4,i12,600,2025-10-31T12:09:11.039550
t597,s2,i6,7000,2025-10-14T15:09:11.039550
t598,s1,"i2,i3,i1",9000,2025-10-11T09:09:11.039550
t599,s2,i6,7000,2025-09-02T15:09:11.039550
t600,s5,i15,650,2025-11-01T09:09:11.039550
t601,s2,i4,2500,2025-09-27T16:09:11.039550
t602,s3,"i9,i9",4000,2025-10-25T19:09:11.039550
t603,s5,i15,650,2025-11-18T12:09:11.039550
t604,s4,i10,800,2025-11-02T12:09:11.039550
t605,s2,"i5,i6",10200,2025-09-10T13:09:11.039550
t606,s1,"i2,i2,i2",4500,2025-11-18T11:09:11.039550
t607,s4,"i10,i12",1400,2025-11-12T16:09:11.039550
t608,s3,"i8,i7",17000,2025-10-01T10:09:11.039550
t609,s1,i2,1500,2025-10-18T14:09:11.039550
t610,s2,i5,3200,2025-10-24T12:09:11.039550
t611,s1,i3,3000,2025-09-27T16:09:11.039550
t612,s4,"i10,i12,i11",1900,2025-10-05T18:09:11.039550
t613,s3,i9,2000,2025-10-08T11:09:11.039550
t614,s3,"i8,i9,i8",26000,2025-10-15T10:09:11.039550
t615,s4,i12,600,2025-11-03T16:09:11.039550
t616,s4,"i12,i11,i12",1700,2025-10-04T09:09:11.039550
t617,s4,"i10,i11,i11",1800,2025-09-21T12:09:11.039550
t618,s5,"i14,i14",2200,2025-10-11T12:09:11.039550
t619,s2,i4,2500,2025-11-11T19:09:11.039550
t620,s3,i9,2000,2025-09-15T15:09:11.039550
t621,s1,"i3,i1,i3",10500,2025-09-28T14:09:11.039550
t622,s2,"i4,i5,i4",8200,2025-10-17T20:09:11.039550
t623,s3,"i7,i8",17000,2025-11-21T11:09:11.039550
t624,s1,"i2,i1",6000,2025-11-04T20:09:11.039550
t625,s5,"i15,i13",1350,2025-10-19T14:09:11.039550
t626,s1,i1,4500,2025-10-28T11:09:11.039550
t627,s1,i1,4500,2025-11-20T13:09:11.039550
t628,s2,"i4,i6,i4",12000,2025-10-14T15:09:11.039550
t629,s2,"i6,i4",9500,2025-11-28T16:09:11.039550
t630,s2,"i6,i6",14000,2025-10-03T14:09:11.039550
t631,s3,"i8,i7",17000,2025-11-13T09:09:11.039550
t632,s3,"i7,i9",7000,2025-11-10T16:09:11.039550
t633,s3,i8,12000,2025-09-28T18:09:11.039550
t634,s3,"i9,i8",14000,2025-11-02T12:09:11.039550
t635,s2,"i6,i4,i4",12000,2025-11-05T09:09:11.039550
t636,s4,i10,800,2025-11-17T16:09:11.039550
t637,s1,i1,4500,2025-09-22T12:09:11.039550
t638,s3,i8,12000,2025-11-08T09:09:11.039550
t639,s1,"i1,i1",9000,2025-10-19T14:09:11.039550
t640,s4,"i12,i11,i12",1700,2025-09-19T14:09:11.039550
t641,s2,"i6,i5",10200,2025-09-28T15:09:11.039550
t642,s2,"i4,i5,i4",8200,2025-11-12T16:09:11.039550
t643,s4,"i12,i12",1200,2025-11-15T17:09:11.039550
t644,s2,i6,7000,2025-11-16T18:09:11.039550
t645,s3,"i8,i7",17000,2025-09-09T15:09:11.039550
t646,s3,"i9,i9",4000,2025-10-11T14:09:11.039550
t647,s2,i5,3200,2025-10-25T17:09:11.039550
t648,s5,i13,700,2025-09-02T20:09:11.039550
t649,s1,"i3,i2",4500,2025-09-07T17:09:11.039550
t650,s1,"i1,i2",6000,2025-09-05T15:09:11.039550
t651,s5,i15,650,2025-10-13T09:09:11.039550
t652,s2,i6,7000,2025-11-19T17:09:11.039550
t653,s3,"i9,i8",14000,2025-09-16T09:09:11.039550
t654,s2,i4,2500,2025-10-10T11:09:11.039550
t655,s1,"i3,i2,i3",7500,2025-11-23T10:09:11.039550
t656,s1,"i3,i2",4500,2025-10-27T09:09:11.039550
t657,s3,"i7,i9,i8",19000,2025-10-06T20:09:11.039550
t658,s3,"i7,i8,i8",29000,2025-11-15T16:09:11.039550
t659,s4,"i10,i11",1300,2025-10-16T09:09:11.039550
t660,s5,i15,650,2025-10-21T15:09:11.039550
t661,s1,"i2,i2,i3",6000,2025-10-27T17:09:11.039550
t662,s4,i10,800,2025-10-31T11:09:11.039550
t663,s2,i6,7000,2025-09-04T15:09:11.039550
t664,s5,"i14,i15",1750,2025-09-27T18:09:11.039550
t665,s3,"i9,i7",7000,2025-10-03T19:09:11.039550
t666,s3,"i7,i7,i9",12000,2025-09-15T14:09:11.039550
t667,s3,i8,12000,2025-09-07T10:09:11.039550
t668,s2,"i4,i4,i6",12000,2025-09-04T13:09:11.039550
t669,s3,"i9,i9,i8",16000,2025-10-27T09:09:11.039550
t670,s3,i9,2000,2025-10-30T19:09:11.039550
t671,s4,"i12,i12,i10",2000,2025-10-11T19:09:11.039550
t672,s5,i13,700,2025-10-04T09:09:11.039550
t673,s4,"i10,i11",1300,2025-11-25T14:09:11.039550
t674,s5,"i14,i15",1750,2025-11-22T13:09:11.039550
t675,s2,"i5,i5",6400,2025-11-21T10:09:11.039550
t676,s3,"i7,i8,i9",19000,2025-09-30T17:09:11.039550
t677,s3,i9,2000,2025-10-10T15:09:11.039550
t678,s5,"i15,i14,i14",2850,2025-11-02T09:09:11.039550
t679,s2,i4,2500,2025-09-01T17:09:11.039550
t680,s1,i2,1500,2025-11-05T17:09:11.039550
t681,s1,"i1,i1",9000,2025-10-24T13:09:11.039550
t682,s4,"i12,i10,i11",1900,2025-09-18T10:09:11.039550
t683,s1,i1,4500,2025-09-10T10:09:11.039550
t684,s5,"i14,i13,i15",2450,2025-10-19T16:09:11.039550
t685,s3,i8,12000,2025-11-23T15:09:11.039550
t686,s5,"i14,i15,i15",2400,2025-10-18T10:09:11.039550
t687,s3,"i7,i9",7000,2025-09-12T19:09:11.039550
t688,s5,i14,1100,2025-10-24T09:09:11.039550
t689,s3,"i8,i8,i8",36000,2025-09-29T17:09:11.039550
t690,s5,"i13,i15",1350,2025-10-02T18:09:11.039550
t691,s5,"i15,i14,i15",2400,2025-11-19T17:09:11.039550
t692,s5,i14,1100,2025-09-18T15:09:11.039550
t693,s5,i13,700,2025-11-26T12:09:11.039550
t694,s1,"i2,i1,i1",10500,2025-09-25T20:09:11.039550
t695,s2,"i6,i5,i4",12700,2025-09-03T16:09:11.039550
t696,s5,"i15,i13",1350,2025-11-07T11:09:11.039550
t697,s3,"i9,i9",4000,2025-10-22T14:09:11.039550
t698,s2,"i5,i5",6400,2025-09-30T10:09:11.039550
t699,s5,"i13,i14,i15",2450,2025-09-01T09:09:11.039550
t700,s5,i14,1100,2025-10-25T14:09:11.039550
t701,s5,i13,700,2025-10-15T14:09:11.039550
t702,s2,i6,7000,2025-10-31T20:09:11.039550
t703,s5,i14,1100,2025-11-11T19:09:11.039550
t704,s2,"i5,i6",10200,2025-11-10T16:09:11.039550
t705,s4,"i12,i10",1400,2025-11-07T15:09:11.039550
t706,s3,"i8,i7",17000,2025-11-05T17:09:11.039550
t707,s1,i1,4500,2025-11-18T11:09:11.039550
t708,s2,"i6,i5",10200,2025-11-01T16:09:11.039550
t709,s4,"i10,i10,i11",2100,2025-09-07T17:09:11.039550
t710,s1,"i1,i3",7500,2025-09-17T14:09:11.039550
t711,s3,"i8,i9",14000,2025-11-03T11:09:11.039550
t712,s2,"i5,i4,i4",8200,2025-09-09T19:09:11.039550
t713,s2,i5,3200,2025-09-21T15:09:11.039550
t714,s1,"i3,i1,i2",9000,2025-09-02T11:09:11.039550
t715,s5,"i13,i15,i13",2050,2025-11-08T09:09:11.039550
t716,s2,"i6,i4",9500,2025-11-23T17:09:11.039550
t717,s1,"i1,i1,i2",10500,2025-11-04T19:09:11.039550
t718,s2,i6,7000,2025-09-06T09:09:11.039550
t719,s2,"i6,i5,i6",17200,2025-10-05T17:09:11.039550
t720,s4,"i11,i10,i12",1900,2025-10-23T20:09:11.039550
t721,s3,"i9,i8",14000,2025-10-02T10:09:11.039550
t722,s1,i1,4500,2025-10-01T17:09:11.039550
t723,s1,i1,4500,2025-09-30T16:09:11.039550
t724,s5,"i13,i14,i13",2500,2025-10-03T15:09:11.039550
t725,s1,"i3,i1,i1",12000,2025-11-01T12:09:11.039550
t726,s5,"i14,i14",2200,2025-10-21T20:09:11.039550
t727,s5,"i14,i15",1750,2025-10-06T17:09:11.039550
t728,s2,"i5,i6,i4",12700,2025-11-08T11:09:11.039550
t729,s5,"i15,i14,i15",2400,2025-11-20T12:09:11.039550
t730,s2,i6,7000,2025-11-07T14:09:11.039550
t731,s4,"i10,i11",1300,2025-09-28T16:09:11.039550
t732,s4,"i10,i11",1300,2025-11-22T11:09:11.039550
t733,s3,"i8,i7",17000,2025-11-01T15:09:11.039550
t734,s2,"i6,i4",9500,2025-10-05T10:09:11.039550
t735,s1,"i2,i1",6000,2025-09-04T17:09:11.039550
t736,s2,"i6,i6,i5",17200,2025-11-08T15:09:11.039550
t737,s2,"i4,i5",5700,2025-10-07T19:09:11.039550
t738,s5,"i15,i15,i13",2000,2025-10-31T12:09:11.039550
t739,s4,i10,800,2025-09-24T09:09:11.039550
t740,s4,i12,600,2025-11-15T09:09:11.039550
t741,s2,i5,3200,2025-11-09T14:09:11.039550
t742,s3,"i7,i7,i9",12000,2025-10-11T11:09:11.039550
t743,s4,"i12,i12,i11",1700,2025-09-22T20:09:11.039550
t744,s5,i15,650,2025-11-17T17:09:11.039550
t745,s5,"i15,i15",1300,2025-11-23T13:09:11.039550
t746,s5,"i13,i14,i15",2450,2025-10-21T19:09:11.039550
t747,s1,"i1,i1,i2",10500,2025-11-17T13:09:11.039550
t748,s4,i12,600,2025-10-12T14:09:11.039550
t749,s3,"i8,i8,i8",36000,2025-10-07T16:09:11.039550
t750,s2,"i6,i4",9500,2025-11-10T18:09:11.039550
t751,s4,"i12,i11",1100,2025-09-14T14:09:11.039550
t752,s1,i1,4500,2025-09-05T14:09:11.039550
t753,s3,"i7,i8",17000,2025-09-18T16:09:11.039550
t754,s2,i6,7000,2025-09-29T13:09:11.039550
t755,s4,"i11,i11,i12",1600,2025-09-17T16:09:11.039550
t756,s5,"i15,i13,i14",2450,2025-11-25T12:09:11.039550
t757,s4,"i10,i10,i12",2200,2025-10-01T13:09:11.039550
t758,s2,"i4,i6,i4",12000,2025-11-17T11:09:11.039550
t759,s2,"i6,i4,i4",12000,2025-10-22T11:09:11.039550
t760,s4,"i10,i11,i11",1800,2025-09-05T15:09:11.039550
t761,s3,i7,5000,2025-11-20T19:09:11.039550
t762,s1,"i2,i3",4500,2025-09-08T12:09:11.039550
t763,s3,"i8,i9",14000,2025-09-07T19:09:11.039550
t764,s1,"i2,i3",4500,2025-10-13T14:09:11.039550
t765,s3,"i9,i7,i8",19000,2025-09-06T19:09:11.039550
t766,s4,"i10,i11",1300,2025-09-05T18:09:11.039550
t767,s3,"i7,i7,i9",12000,2025-09-08T12:09:11.039550
t768,s5,"i13,i13,i14",2500,2025-09-11T13:09:11.039550
t769,s5,"i15,i14,i13",2450,2025-09-28T12:09:11.039550
t770,s2,"i4,i6",9500,2025-11-12T17:09:11.039550
t771,s2,i5,3200,2025-10-22T19:09:11.039550
t772,s2,"i5,i4,i4",8200,2025-09-15T18:09:11.039550
t773,s4,"i10,i12",1400,2025-10-10T14:09:11.039550
t774,s2,i6,7000,2025-09-01T18:09:11.039550
t775,s1,"i2,i3,i2",6000,2025-09-21T09:09:11.039550
t776,s1,i2,1500,2025-09-26T17:09:11.039550
t777,s4,"i11,i10",1300,2025-11-19T19:09:11.039550
t778,s1,"i2,i1,i1",10500,2025-11-12T18:09:11.039550
t779,s2,i6,7000,2025-09-11T12:09:11.039550
t780,s4,i11,500,2025-09-03T13:09:11.039550
t781,s1,i1,4500,2025-11-25T09:09:11.039550
t782,s3,"i7,i9,i7",12000,2025-11-25T19:09:11.039550
t783,s5,"i15,i14",1750,2025-09-04T09:09:11.039550
t784,s1,"i3,i1",7500,2025-09-27T20:09:11.039550
t785,s5,i14,1100,2025-10-13T13:09:11.039550
t786,s4,"i12,i11,i10",1900,2025-10-26T20:09:11.039550
t787,s4,"i12,i10,i10",2200,2025-09-24T10:09:11.039550
t788,s4,i11,500,2025-10-26T13:09:11.039550
t789,s3,"i8,i8,i9",26000,2025-10-11T12:09:11.039550
t790,s1,i1,4500,2025-09-15T11:09:11.039550
t791,s5,"i14,i13,i13",2500,2025-09-10T18:09:11.039550
t792,s4,"i12,i12",1200,2025-09-12T12:09:11.039550
t793,s4,"i11,i12,i11",1600,2025-11-21T13:09:11.039550
t794,s3,i9,2000,2025-10-08T10:09:11.039550
t795,s2,"i6,i4,i5",12700,2025-11-27T13:09:11.039550
t796,s2,"i4,i4",5000,2025-09-06T11:09:11.039550
t797,s1,"i1,i3,i2",9000,2025-09-26T19:09:11.039550
t798,s4,"i11,i11,i12",1600,2025-11-19T09:09:11.039550
t799,s3,"i8,i9",14000,2025-11-06T18:09:11.039550
t800,s1,"i3,i2,i1",9000,2025-09-10T17:09:11.039550
t801,s5,i13,700,2025-10-17T18:09:11.039550
t802,s2,"i5,i6,i4",12700,2025-10-07T14:09:11.039550
t803,s2,i4,2500,2025-09-23T10:09:11.039550
t804,s4,"i11,i11",1000,2025-09-09T09:09:11.039550
t805,s2,i6,7000,2025-10-18T19:09:11.039550
t806,s5,"i13,i15",1350,2025-10-09T19:09:11.039550
t807,s3,i7,5000,2025-09-08T13:09:11.039550
t808,s2,"i6,i6,i6",21000,2025-08-31T17:09:11.039550
t809,s2,"i5,i5",6400,2025-11-02T15:09:11.039550
t810,s3,"i9,i9",4000,2025-09-16T13:09:11.039550
t811,s4,i12,600,2025-09-18T13:09:11.039550
t812,s1,"i3,i2,i1",9000,2025-09-13T14:09:11.039550
t813,s2,"i4,i5,i5",8900,2025-09-15T15:09:11.039550
t814,s5,"i13,i14",1800,2025-11-09T15:09:11.039550
t815,s4,"i10,i11,i10",2100,2025-09-29T11:09:11.039550
t816,s3,"i8,i9,i9",16000,2025-09-17T14:09:11.039550
t817,s5,i14,1100,2025-10-31T19:09:11.039550
t818,s4,i10,800,2025-11-01T19:09:11.039550
t819,s4,"i12,i11,i12",1700,2025-10-09T20:09:11.039550
t820,s3,"i8,i8",24000,2025-09-09T13:09:11.039550
t821,s3,i8,12000,2025-11-22T10:09:11.039550
t822,s3,"i7,i9",7000,2025-11-24T10:09:11.039550
t823,s4,"i11,i10",1300,2025-09-21T19:09:11.039550
t824,s2,"i4,i4,i6",12000,2025-10-09T10:09:11.039550
t825,s2,"i5,i4,i4",8200,2025-09-28T14:09:11.039550
t826,s5,"i15,i14",1750,2025-10-12T17:09:11.039550
t827,s2,"i6,i6",14000,2025-10-03T10:09:11.039550
t828,s4,"i11,i10",1300,2025-09-29T09:09:11.039550
t829,s3,"i7,i7,i7",15000,2025-11-28T19:09:11.039550
t830,s2,i4,2500,2025-10-24T19:09:11.039550
t831,s2,"i5,i4,i5",8900,2025-10-16T17:09:11.039550
t832,s2,"i4,i4",5000,2025-11-05T13:09:11.039550
t833,s1,"i3,i3,i1",10500,2025-11-26T17:09:11.039550
t834,s3,i7,5000,2025-09-07T13:09:11.039550
t835,s1,"i3,i1",7500,2025-09-09T16:09:11.039550
t836,s5,"i15,i13,i13",2050,2025-09-01T19:09:11.039550
t837,s5,"i15,i13",1350,2025-10-24T15:09:11.039550
t838,s4,"i10,i11",1300,2025-11-11T18:09:11.039550
t839,s5,i15,650,2025-11-07T16:09:11.039550
t840,s5,"i15,i13",1350,2025-11-20T11:09:11.039550
t841,s4,"i11,i12",1100,2025-10-21T20:09:11.039550
t842,s3,i9,2000,2025-10-23T16:09:11.039550
t843,s1,"i2,i3",4500,2025-11-08T11:09:11.039550
t844,s4,"i12,i12",1200,2025-10-22T11:09:11.039550
t845,s5,i15,650,2025-10-15T10:09:11.039550
t846,s4,i11,500,2025-11-18T10:09:11.039550
t847,s1,"i1,i3",7500,2025-09-02T20:09:11.039550
t848,s1,"i2,i3,i1",9000,2025-11-22T14:09:11.039550
t849,s1,"i3,i3,i3",9000,2025-09-05T10:09:11.039550
t850,s4,i10,800,2025-10-27T17:09:11.039550
t851,s4,"i12,i10,i10",2200,2025-09-23T20:09:11.039550
t852,s5,"i13,i15",1350,2025-11-04T13:09:11.039550
t853,s2,i5,3200,2025-11-04T15:09:11.039550
t854,s2,i4,2500,2025-11-26T13:09:11.039550
t855,s5,i15,650,2025-09-27T09:09:11.039550
t856,s2,"i6,i4,i6",16500,2025-10-14T10:09:11.039550
t857,s4,i11,500,2025-11-08T20:09:11.039550
t858,s4,i10,800,2025-10-28T15:09:11.039550
t859,s3,"i8,i7,i7",22000,2025-09-23T12:09:11.039550
t860,s3,"i9,i8,i7",19000,2025-11-02T14:09:11.039550
t861,s4,"i12,i11,i10",1900,2025-09-05T09:09:11.039550
t862,s2,"i5,i4",5700,2025-10-12T14:09:11.039550
t863,s5,"i14,i13,i13",2500,2025-10-28T20:09:11.039550
t864,s2,"i6,i5,i6",17200,2025-10-23T14:09:11.039550
t865,s5,"i13,i13",1400,2025-09-25T11:09:11.039550
t866,s4,"i10,i12,i11",1900,2025-11-13T09:09:11.039550
t867,s1,"i2,i1,i3",9000,2025-11-10T20:09:11.039550
t868,s4,"i12,i11,i11",1600,2025-09-02T09:09:11.039550
t869,s2,"i6,i6,i5",17200,2025-09-26T18:09:11.039550
t870,s5,i13,700,2025-09-16T11:09:11.039550
t871,s4,"i11,i10,i11",1800,2025-09-01T14:09:11.039550
t872,s2,"i5,i4",5700,2025-10-11T12:09:11.039550
t873,s1,"i3,i2,i1",9000,2025-10-02T20:09:11.039550
t874,s1,"i2,i1",6000,2025-10-26T15:09:11.039550
t875,s4,i11,500,2025-10-24T12:09:11.039550
t876,s3,"i8,i8",24000,2025-09-01T16:09:11.039550
t877,s5,"i14,i13",1800,2025-09-04T11:09:11.039550
t878,s5,"i15,i14",1750,2025-11-19T18:09:11.039550
t879,s2,"i6,i6",14000,2025-09-07T20:09:11.039550
t880,s1,"i2,i1",6000,2025-11-11T10:09:11.039550
t881,s3,i9,2000,2025-10-03T17:09:11.039550
t882,s5,i14,1100,2025-10-25T20:09:11.039550
t883,s4,"i11,i10",1300,2025-10-17T20:09:11.039550
t884,s5,i14,1100,2025-09-17T11:09:11.039550
t885,s1,"i2,i2",3000,2025-10-10T18:09:11.039550
t886,s4,i11,500,2025-11-18T11:09:11.039550
t887,s1,"i2,i2,i3",6000,2025-09-30T20:09:11.039550
t888,s4,"i10,i12,i10",2200,2025-09-06T18:09:11.039550
t889,s1,"i3,i3",6000,2025-08-31T14:09:11.039550
t890,s5,"i13,i14,i15",2450,2025-11-12T20:09:11.039550
t891,s3,"i8,i7,i8",29000,2025-11-01T19:09:11.039550
t892,s3,"i9,i8,i7",19000,2025-10-09T09:09:11.039550
t893,s5,i14,1100,2025-11-21T16:09:11.039550
t894,s2,i5,3200,2025-11-13T11:09:11.039550
t895,s1,i2,1500,2025-10-26T15:09:11.039550
t896,s3,"i9,i8,i8",26000,2025-11-21T15:09:11.039550
t897,s2,i4,2500,2025-11-04T13:09:11.039550
t898,s5,i13,700,2025-09-14T18:09:11.039550
t899,s4,"i10,i11",1300,2025-08-31T13:09:11.039550
t900,s1,"i3,i3",6000,2025-09-21T09:09:11.039550
t901,s1,"i3,i1",7500,2025-09-19T14:09:11.039550
t902,s4,i12,600,2025-11-18T15:09:11.039550
t903,s3,"i9,i7",7000,2025-10-07T14:09:11.039550
t904,s1,i2,1500,2025-09-01T09:09:11.039550
t905,s5,i13,700,2025-11-01T19:09:11.039550
t906,s5,"i14,i13,i14",2900,2025-11-04T16:09:11.039550
t907,s1,i3,3000,2025-10-06T17:09:11.039550
t908,s4,i10,800,2025-09-12T10:09:11.039550
t909,s1,"i3,i2",4500,2025-09-15T12:09:11.039550
t910,s1,"i3,i2,i2",6000,2025-09-18T20:09:11.039550
t911,s2,"i6,i6,i6",21000,2025-11-04T10:09:11.039550
t912,s1,"i2,i2,i1",7500,2025-09-24T11:09:11.039550
t913,s1,"i2,i3",4500,2025-10-04T14:09:11.039550
t914,s2,"i6,i6",14000,2025-10-14T12:09:11.039550
t915,s1,"i2,i3",4500,2025-09-02T20:09:11.039550
t916,s4,i11,500,2025-09-08T09:09:11.039550
t917,s3,"i7,i8",17000,2025-10-11T10:09:11.039550
t918,s1,i2,1500,2025-09-16T19:09:11.039550
t919,s4,i12,600,2025-11-25T13:09:11.039550
t920,s2,"i5,i5,i6",13400,2025-09-30T12:09:11.039550
t921,s2,i6,7000,2025-11-27T16:09:11.039550
t922,s2,"i5,i5,i4",8900,2025-10-29T10:09:11.039550
t923,s1,"i1,i3,i1",12000,2025-11-07T17:09:11.039550
t924,s3,i7,5000,2025-10-17T20:09:11.039550
t925,s1,"i3,i1,i3",10500,2025-10-08T13:09:11.039550
t926,s1,"i2,i1,i1",10500,2025-09-26T16:09:11.039550
t927,s5,"i13,i14",1800,2025-11-03T16:09:11.039550
t928,s1,"i2,i3,i3",7500,2025-09-02T18:09:11.039550
t929,s1,"i3,i3",6000,2025-10-02T09:09:11.039550
t930,s5,"i13,i13,i15",2050,2025-11-10T16:09:11.039550
t931,s5,i14,1100,2025-11-06T15:09:11.039550
t932,s2,"i5,i4,i5",8900,2025-09-18T14:09:11.039550
t933,s3,"i7,i9",7000,2025-09-03T15:09:11.039550
t934,s1,"i2,i3,i1",9000,2025-10-25T09:09:11.039550
t935,s3,"i7,i8",17000,2025-11-09T19:09:11.039550
t936,s4,"i12,i11",1100,2025-09-20T12:09:11.039550
t937,s5,"i15,i13,i15",2000,2025-11-15T18:09:11.039550
t938,s3,i9,2000,2025-10-13T19:09:11.039550
t939,s5,"i13,i15",1350,2025-10-08T17:09:11.039550
t940,s3,"i8,i8,i7",29000,2025-10-16T20:09:11.039550
t941,s2,i5,3200,2025-09-05T09:09:11.039550
t942,s1,"i2,i1,i2",7500,2025-11-20T13:09:11.039550
t943,s3,"i9,i7",7000,2025-11-25T16:09:11.039550
t944,s4,i12,600,2025-09-21T19:09:11.039550
t945,s3,i9,2000,2025-11-08T20:09:11.039550
t946,s1,"i1,i1,i2",10500,2025-11-24T13:09:11.039550
t947,s5,"i14,i14,i15",2850,2025-10-29T14:09:11.039550
t948,s5,i14,1100,2025-10-13T19:09:11.039550
t949,s2,"i5,i6",10200,2025-09-15T13:09:11.039550
t950,s1,i3,3000,2025-09-25T18:09:11.039550
t951,s2,"i5,i6",10200,2025-10-01T18:09:11.039550
t952,s1,i2,1500,2025-10-16T11:09:11.039550
t953,s5,"i15,i15,i13",2000,2025-10-21T10:09:11.039550
t954,s2,"i6,i4,i6",16500,2025-11-15T19:09:11.039550
t955,s3,"i8,i9",14000,2025-11-04T10:09:11.039550
t956,s5,"i13,i13",1400,2025-10-07T13:09:11.039550
t957,s4,"i11,i11,i10",1800,2025-11-15T12:09:11.039550
t958,s1,"i2,i1",6000,2025-09-03T14:09:11.039550
t959,s5,"i13,i13",1400,2025-08-31T18:09:11.039550
t960,s5,i13,700,2025-09-03T19:09:11.039550
t961,s2,"i5,i5,i4",8900,2025-09-18T18:09:11.039550
t962,s4,i12,600,2025-09-23T19:09:11.039550
t963,s5,"i14,i13,i15",2450,2025-10-19T18:09:11.039550
t964,s5,"i14,i15,i13",2450,2025-11-26T09:09:11.039550
t965,s1,i1,4500,2025-09-04T09:09:11.039550
t966,s3,i7,5000,2025-10-31T10:09:11.039550
t967,s3,i8,12000,2025-09-09T16:09:11.039550
t968,s4,"i12,i10",1400,2025-09-22T20:09:11.039550
t969,s2,i4,2500,2025-09-02T14:09:11.039550
t970,s4,"i10,i11,i11",1800,2025-11-17T17:09:11.039550
t971,s3,i8,12000,2025-10-30T15:09:11.039550
t972,s4,"i10,i11",1300,2025-11-16T13:09:11.039550
t973,s1,"i1,i1",9000,2025-10-03T15:09:11.039550
t974,s2,"i6,i5,i5",13400,2025-10-26T11:09:11.039550
t975,s2,"i5,i6",10200,2025-11-10T13:09:11.039550
t976,s2,"i6,i6,i6",21000,2025-10-01T20:09:11.039550
t977,s4,"i11,i10",1300,2025-09-10T19:09:11.039550
t978,s2,"i6,i6,i6",21000,2025-09-08T15:09:11.039550
t979,s3,i7,5000,2025-11-18T15:09:11.039550
t980,s3,i8,12000,2025-11-28T18:09:11.039550
t981,s3,"i8,i7",17000,2025-11-08T16:09:11.039550
t982,s4,"i10,i10",1600,2025-09-23T18:09:11.039550
t983,s3,i9,2000,2025-11-22T20:09:11.039550
t984,s5,"i14,i13",1800,2025-10-24T16:09:11.039550
t985,s3,"i9,i7,i9",9000,2025-11-04T11:09:11.039550
t986,s1,"i3,i2,i1",9000,2025-10-21T17:09:11.039550
t987,s3,"i9,i9",4000,2025-09-19T10:09:11.039550
t988,s5,"i14,i14,i13",2900,2025-09-15T17:09:11.039550
t989,s5,i13,700,2025-10-14T20:09:11.039550
t990,s3,i7,5000,2025-10-22T16:09:11.039550
t991,s2,"i5,i4",5700,2025-11-08T14:09:11.039550
t992,s5,"i13,i14,i14",2900,2025-10-19T14:09:11.039550
t993,s3,"i7,i8",17000,2025-09-15T14:09:11.039550
t994,s2,"i5,i4,i5",8900,2025-11-25T15:09:11.039550
t995,s5,"i14,i14",2200,2025-09-22T11:09:11.039550
t996,s2,"i5,i6,i4",12700,2025-10-23T13:09:11.039550
t997,s5,i15,650,2025-09-10T19:09:11.039550
t998,s5,"i13,i15",1350,2025-09-30T10:09:11.039550
t999,s5,i15,650,2025-10-29T13:09:11.039550
t1000,s5,"i13,i13",1400,2025-10-17T11:09:11.039550
